{"current":{"cntwd":1800,"bodybg":"#ffffff","pad-desk":80,"title_align":"tl","sttlstl":"1","sttlcl":"#222222","hdelem":"#ffffff","sttltag":"h2","sttlfs":26,"sttlfsm":22,"sttllh":1.5,"stxtcl":"#444444","stxtfs":13,"stxtfsm":12,"prevent_copy":false,"catalog-mode":false,"hide-price":false,"user_icon":"2","wishlist_page":"wishlist","favicon":"shopify:\/\/shop_images\/favi_icon_logo.png","favicon_retina":"shopify:\/\/shop_images\/favi_icon_logo.png","freeship":"799","free_ship_msg":"","progress_bar":true,"shipbara":"#fdca40","terms_checkbox":false,"terms_text":"I agree with the<strong> <\/strong><a href=\"\/policies\/shipping-policy\" title=\"Shipping Policy\"><strong>Terms and Conditions<\/strong><\/a>","stt_btntxt":"#222222","stt_btnbg":"#eeeeee","stt_htbg":"#222222","box_shadow":false,"dynamicTtl":false,"dynamicTxt1":"Teevore","dynamicTxt2":"","font1_source":"local","font1_shopify":"itc_avant_garde_gothic_n5","font1_google":"","font1_local":"ITC Avant Garde","font2_source":"local","font2_shopify":"itc_avant_garde_gothic_n4","font2_google":"","font2_local":"","font3_source":"local","font3_shopify":"itc_avant_garde_gothic_n4","font3_google":"","font3_local":"samakran","bodycl":"#222222","body_font":"ft1","bodyfs":12,"bodylh":1.5,"bodyls":1,"color_text":"#222222","h1_size":48,"h2_size":42,"h3_size":36,"h4_size":32,"h5_size":28,"h6_size":24,"heading_weight":"400","headings_ls":1,"brdtxt":"#222222","brdbg":"#ffffff","bc_font":12,"bcase":true,"btn_font":"ft1","btnf":13,"btn_weight":"300","btncase":"none","btn_rad":5,"bdr_width":0,"btn1_txt":"#ffffff","btn1":"#190306","btn1_bdr":"#190306","btn1_txth":"#ffffff","btn1h":"#222222","btn1_bdrh":"#222222","btn2_txt":"#ffc5c5","btn2":"#ffffff","btn2_bdr":"#ffffff","btn2_txth":"#ffffff","btn2h":"#222222","btn2_bdrh":"#222222","btn3_txt":"#222222","btn3":"#ffffff","btn3_bdr":"#222222","btn3_txth":"#ffffff","btn3h":"#222222","btn3_bdrh":"#222222","btn4_txt":"#222222","btn4":"rgba(0,0,0,0)","btn4_bdr":"#222222","btn4_txth":"#fff","btn4h":"#222222","btn4_bdrh":"#222222","btn5_txt":"#fff","btn5":"rgba(0,0,0,0)","btn5_bdr":"#fff","btn5_txth":"#222222","btn5h":"#fff","btn5_bdrh":"#fff","btn6":"#6eb69c","btn6_bdr":"#6eb69c","btn7":"#fff","btn7bg":"linear-gradient(160deg, rgba(110, 182, 156, 1) 9%, rgba(139, 207, 183, 1) 51%, rgba(110, 182, 156, 1) 88%)","btn7hv":"#fff","btn7hvbg":"linear-gradient(87deg, rgba(129, 212, 182, 1), rgba(110, 182, 156, 1) 100%)","btn8":"#fff","btn8bg":"linear-gradient(335deg, rgba(0, 0, 0, 1) 1%, rgba(68, 68, 68, 1) 50.719%, rgba(0, 0, 0, 1) 100%)","btn8hv":"#fff","btn8hvbg":"linear-gradient(302deg, rgba(68, 68, 68, 1) 14%, rgba(0, 0, 0, 1) 50%, rgba(68, 68, 68, 1) 85%)","link_btn_txt":"#222222","link_btn_txt_hv":"#8e8e8e","page_ttl_font":"ft2","page_ttl_s":48,"page_ttl_sm":42,"page_ttl_w":"400","page_ttl_cl":"#333333","cfield_text":"#222222","cfield_bg":"#ffffff","field_bd":"#8e8e8e","arr_show":"hover","arrow":"#222222","arrowbg":"#ffffff","dots":"#222222","dotsa":"#222222","bgs":"#190306","icons_color":"#fdca40","bgl":"#ff66ac","text_link":"#190306","text_link_hv":"#190306","header_bg_clr":"#ffffff","color_borders":"#CCCCCC","tooltip_bg":"#190306","tooltip_text":"#ffffff","theme_clr":"#190306","overlay_op":0,"overlay_blur":1,"rad":2,"navarw":true,"nAlign":"f-jcc","nav_min_h":15,"navcl":"#222222","navclh":"#000","navft":"ft1","navfs":15,"navfw":"600","nav_case":true,"navbar":"#ffffff","isnavbd":false,"navbdr":"#ffffff","boxshdow":false,"nmmbg":"#ffffff","mbrad":8,"mmlcl":"#222222","mmlclh":"#000","mmlfs":15,"mmccl":"#111","mmcclh":"#fed872","mmcff":"ft1","mmcfs":15,"mmcfw":"500","navttl_case":false,"navddbg":"#FFFFFF","navddcl":"#222222","navddclh":"#000","navddfs":14,"mmsub":true,"mbNav_ft":13,"mmfw":"400","navttl":"#222222","navttlbg":"#ffffff","mbNavbg":"#FFFFFF","mbNavcl":"#222222","mbNavbd":"#FFFFFF","mobTtl":"#FFFFFF","mobTtlbg":"#222222","nav_link_lbl1":"#6eb69c","nav_link_lbl2":"#ca192c","nav_link_lbl3":"#edc58c","nav_link_lbl4":"#dc97b3","nav_link_lbl5":"#9acee9","cart_icon":"2","count_cl":"#fdca40","count_bg":"#fdca40","drawer_txt":"#000","btn-style":"btn4","btn-style1":"btn1","cart_icons":"#222222","icons_bg":"#ffffff","giftwrap":true,"gift_product":"adventure-born-unbound","gift-btn":"btn3","coupon":true,"pr_recomand":true,"searchdwt":"#222222","searchdw":"#fff","search_ttl":"Search...","search_fs":18,"search_cl":"#222222","search_fw":"600","search_ph":"Search Products","search_bg":"#fff","search_txt":"#222222","search_btnbg":"#FDCA40","search_btnicon":"#222222","search_border":"#ffffff","search_rad":15,"search_h":45,"search_font_size":15,"search_lbl1":"Popular Searches:","search_word":"T-shirt, Top, Black, Women","search_pop_cl":"#eeeeee","search_pop_bg":"#222222","search_recomand":"prr","search_lbl2":"","searchCl":"","btntxt":"","srClList":[],"srclimit":2,"srbrad":8,"menu_handle":"account-services","menu_label":"Pages","menu_items_limit":8,"show_collections":false,"collections_label":"","collections_limit":8,"prbox_style":"grid_1","clurl":true,"grid_space":30,"grid_spacem":20,"primg_ratio":"140","primg_size":"cover","primg_position":"center_top","img_rad":8,"show_color_swatch":true,"color_type":"color","vr_bg_position":"50% 0","swatch_size":24,"gswatch_bdr":"#222222","gswatch_bdr_a":"#222222","clcount":3,"grid_ttl":13,"grid_ttl_w":"400","gttl_case":true,"trim_title":true,"grid_ttl_clr":"#222222","grid_ttl_hclr":"#222222","grid_price_fs":14,"grid_price_fw":"400","grid_price_cl":"#222222","grid_price_cprice":"#444444","grid_price_cl_sale":"#222222","price_style":"default","price_lbl":false,"grid_btn":"#FFFFFF","grid_icon":"#222222","grid_btnh":"#ffffff","grid_iconh":"#e95144","hide_atc":false,"hide_wishlist":false,"hide_quickview":false,"btn_mobiles":false,"gcountdown_text":"#e62727","gcountdown_bg":"#FFFFFF","pr_lbl":true,"rotate_lbl":true,"lbl_fs":11,"lbl_fw":"500","lbl_bdr":0,"lbl_sale":true,"lbl_sale_type":"2","lbl_sale_bg":"#e80000","soldout_style":"2","lbl_sold_cl":"#000","lbl_sold_bg":"#fafafa","show_product_review":true,"prbox_bdr":"#ffffff","grid_boxbg":"#FFFFFF","s_size":"medium","swtbdr":50,"size_rounded":5,"bg":"#ffffff","sbdr":"#dddddd","cla":"#ffffff","bga":"#222222","sbdra":"#e5e5e5","colorOpt":"Size, color, Print, print","sizechart_type":"default","sizechart_page":"wishlist","mlcurrency":false,"curOpt":"shopify","auto_currencies":false,"curfl":false,"mlLang":false,"mlLangfl":false,"sr_twitter":false,"sr_linkedin":false,"watsapp":"+91 7827232156","twitter":"","facebook":"https:\/\/www.facebook.com\/people\/Teevore-Store\/61580327505575\/","pinterest":"https:\/\/in.pinterest.com\/mkmkataria07\/teevore\/","instagram":"https:\/\/www.instagram.com\/teevore.store\/","tumblr":"https:\/\/www.threads.com\/@teevore.store\/media","youtube":"","quick_view":true,"pr_ttl_fs":22,"pr_price_cl":"#222222","pr_price_cl_sale":"#e95144","pr_price_fs":17,"pr_price_fsm":15,"wish-btn":"btn2","reviews":"other","otherapp":"","animef":true,"anin_style":"fadeInUp","animefm":true,"snow_effect":false,"snow_style":"style1","sn-product":true,"product_btn_video":"https:\/\/cdn.shopify.com\/videos\/c\/o\/v\/750d676ebe6a4a5d9041961d033f03de.mp4","enable_fancy_font":true,"enable_stroke":false,"fancy_font":"secondary","font_face_family":"Whispering","font_family_url":"https:\/\/cdn.shopify.com\/s\/files\/1\/0903\/6585\/3983\/files\/WhisperingSignature.woff2?v=1752827220","font_face_family_alternative":"samakran","font_family_url_alternative":"https:\/\/cdn.shopify.com\/s\/files\/1\/0781\/5148\/3632\/files\/hindi_font.woff2?v=1760271084","font_face_family_sec":"Kugile","font_family_url_sec":"https:\/\/cdn.shopify.com\/s\/files\/1\/0781\/5148\/3632\/files\/KonexyPersonalUse.woff2","icon_size":22,"icon_size_mobile":22,"home_display":"svg","svg_code":"<svg width=\"24\" height=\"24\" viewbox=\"0 0 24 24\" fill=\"none\" xmlns=\"https:\/\/www.w3.org\/2000\/svg\"> <path d=\"M12 2.59009V13.6101L2.65 20.1501C1.8 19.1401 1.75 17.6101 2.7 15.9001L5.82 10.2901L8.76 5.00009C9.65 3.40009 10.82 2.59009 12 2.59009Z\" fill=\"#292D32\" fill-opacity=\"0.5\" style=\"fill:#292D32;fill:color(display-p3 0.1608 0.1765 0.1961);fill-opacity:0.5;\"><\/path> <path opacity=\"0.6\" d=\"M21.3499 20.1501C20.6999 20.9401 19.5699 21.4101 18.0599 21.4101H5.9399C4.4299 21.4101 3.2999 20.9401 2.6499 20.1501L11.9999 13.6101L21.3499 20.1501Z\" fill=\"#292D32\" fill-opacity=\"0.5\" style=\"fill:#292D32;fill:color(display-p3 0.1608 0.1765 0.1961);fill-opacity:0.5;\"><\/path> <path opacity=\"0.4\" d=\"M21.35 20.1501L12 13.6101V2.59009C13.18 2.59009 14.35 3.40009 15.24 5.00009L18.18 10.2901L21.3 15.9001C22.25 17.6101 22.2 19.1401 21.35 20.1501Z\" fill=\"#292D32\" fill-opacity=\"0.5\" style=\"fill:#292D32;fill:color(display-p3 0.1608 0.1765 0.1961);fill-opacity:0.5;\"><\/path> <\/svg>","text_linkss":"#fb6f92","text_links":"#fdca40","fonts":"1","font1":"itc_avant_garde_gothic_o4","font2":"itc_avant_garde_gothic_n4","font3":"chivo_n4","gfont1":"Gustavo Bold","gfont2":"","gfont3":"","lfont1":"","lfont2":"Gustavo Bold","lfont3":"","lfont1_file":"Gustavo Bold","lfont2_file":"Gustavo Bold","lfont3_file":"Gustavo Bold","content_for_index":[],"blocks":{"13305437469741356523":{"type":"shopify:\/\/apps\/gsc-instagram-feed\/blocks\/embed\/96970b1b-b770-454f-b16b-51f47e1aa4ed","disabled":false,"settings":{}},"1207588281359620556":{"type":"shopify:\/\/apps\/avada-seo-suite\/blocks\/avada-seo\/15507c6e-1aa3-45d3-b698-7e175e033440","disabled":false,"settings":{}},"7924418359578431505":{"type":"shopify:\/\/apps\/seoant-ai-seo\/blocks\/seoant-core\/8e57283b-dcb0-4f7b-a947-fb5c57a0d59d","disabled":false,"settings":{}},"11068332061543699368":{"type":"shopify:\/\/apps\/booster-page-speed-optimizer\/blocks\/app-embed\/d920faf3-7c60-423a-9636-22618b5561b5","disabled":true,"settings":{}},"4976129024724438625":{"type":"shopify:\/\/apps\/smart-seo\/blocks\/brokenLinkDetection\/7b0a6064-ca2e-4392-9a1d-8c43c942357b","disabled":false,"settings":{}},"6406956604159796213":{"type":"shopify:\/\/apps\/smart-seo\/blocks\/smartseo\/7b0a6064-ca2e-4392-9a1d-8c43c942357b","disabled":false,"settings":{}},"13951170544780599758":{"type":"shopify:\/\/apps\/tapita-seo-speed\/blocks\/app-embed\/cd37ca7a-40ad-4fdc-afd3-768701482209","disabled":true,"settings":{"hide_price":false}},"14060646107696862457":{"type":"shopify:\/\/apps\/judge-me-reviews\/blocks\/judgeme_core\/61ccd3b1-a9f2-4160-9fe9-4fec8413e5d8","disabled":false,"settings":{}},"3557650678667880288":{"type":"shopify:\/\/apps\/razorpay-cod-magic-checkout\/blocks\/magicx-script\/c13c688d-5c45-4054-b95f-1edd63faa705","disabled":false,"settings":{}},"17844675666580048712":{"type":"shopify:\/\/apps\/razorpay-cod-magic-checkout\/blocks\/sso-script\/c13c688d-5c45-4054-b95f-1edd63faa705","disabled":false,"settings":{}}}},"platform_customizations":{"custom_css":[".jdgm-star {font-weight: 300 !important;}",".jdgm-prev-badge__text {margin-left: 10px !important;}",".jdgm-write-rev-link.jdgm-write-rev-link {font-family: var(--ft1) !important; font-size: 14px !important; font-weight: 400 !important;}",".jdgm-histogram__bar {height: 35% !important;}",".jdgm-widget:not(.jdgm-review-widget--small, .jdgm-review-widget--medium) .jdgm-write-rev-link,.jdgm-widget:not(.jdgm-review-widget--small, .jdgm-review-widget--medium) .jdgm-ask-question-btn {border-radius: 10px !important;}",".jdgm-rev-widg__title {font-family: \"Kugile\";}",".jdgm-rev__icon {background: rgb(255 255 255 \/ 50%) !important;}",".jdgm-rev-widg__title {margin-top: 0; font-size: 24px !important; text-align: left !important;}",".jdgm-write-review-modal .jdgm-write-review-modal__content {background: #fff; border-radius: 15px;}"]}}