{"sections":{"1754740619e73c867e":{"type":"_blocks","blocks":{"ai_gen_block_a339604_dPz9hP":{"type":"ai_gen_block_a339604","settings":{"background_image":"shopify:\/\/shop_images\/404_error_fit.jpg","parallax_speed":1,"overlay_color":"#000000","overlay_opacity":0,"title":"","subtitle":"","text_color":"#ffffff","title_size":48,"title_size_mobile":32,"title_weight":"700","subtitle_size":18,"subtitle_size_mobile":16,"search_placeholder":"Search for products...","search_bg_color":"#ffffff","search_text_color":"#000000","search_placeholder_color":"#666666","search_button_color":"#000000","search_button_hover_color":"#333333","search_button_text_color":"#ffffff","search_border_radius":8,"section_height":600,"section_height_mobile":500},"blocks":{}}},"block_order":["ai_gen_block_a339604_dPz9hP"],"custom_css":["img{object-fit: contain;}"],"settings":{}},"main_404":{"type":"main-404","disabled":true,"settings":{}}},"order":["1754740619e73c867e","main_404"]}