{"sections":{"breadcrumb":{"type":"breadcrumb","settings":{"sw":false,"hidemb":false,"tc":false}},"blog_post_enhance_MJtDKw":{"type":"blog-post-enhance","name":"Blog Stories","settings":{"title":"{{ section.settings.blog_handle.title }}","subtitle":"","align_items":"start","justify_content":"start","blog_url":"","show_view_all":"","btn-style":"btn1","btn-size":"btn-md","sw":true,"npd":false,"sst":40,"ssb":40,"sstm":15,"ssbm":15,"hidem":false,"hided":false,"blog_handle":"journal","articles_count":4,"excerpt_length":120,"show_view_more_button":true,"view_more_text":"View More","view_more_url":"","read_more_text":"Read More","show_date_icon":true,"show_comment_icon":true,"comments_text":"Comments","date_format":"%B %d, %Y"}}},"order":["breadcrumb","blog_post_enhance_MJtDKw"]}