{"sections":{"breadcrumb":{"type":"breadcrumb","settings":{"sw":false,"hidemb":false,"tc":false}},"main":{"type":"main-cart","blocks":{"ship_AMKjy7":{"type":"ship","settings":{"bm":20}},"coupon_xqMGqU":{"type":"coupon","settings":{"bm":20}},"sub_A4QgEy":{"type":"sub","settings":{"shippingTax":false,"save":true,"cl":"#4eaf13","bm":20}},"btn_nmdQej":{"type":"btn","settings":{"btnco":"btn1","additionalCheckout":false,"continue":true,"btncn":"btn4","bm":5}},"img_TJMMLR":{"type":"img","settings":{"shopp":true,"bm":0}}},"block_order":["ship_AMKjy7","coupon_xqMGqU","sub_A4QgEy","btn_nmdQej","img_TJMMLR"],"settings":{"layout":"2","pagewidth":1400,"cartCount":true,"countTime":30,"countMsg":"Please, hurry! Someone has placed an order with same products. These products are limited, checkout within [time]","txtcl":"#333333","txtbg":"#fdca40","shipCalc":false,"shipTtl":"Get Shipping Estimates","default_country":"India","shipping-btn":"btn7","cart-header":"#f1f1f1","cart-summery":"#f1f1f1","sst":20,"ssb":20,"sstm":10,"ssbm":10}},"recommanded":{"type":"product-recommendations","settings":{"title":"Recommended Products","subtitle":"","grid":4,"gridtb":3,"gridmb":2,"limit":5,"carousel":true,"loop":true,"autoplay":false,"speed":5,"arrow":true,"arrowm":true,"dot":false,"dotm":false,"sw":false,"bg":"","bgg":"","headings_cl":"#111111","sst":0,"ssb":30,"sstm":0,"ssbm":15,"hidem":false,"hided":false}}},"order":["breadcrumb","main","recommanded"]}