{"sections":{"breadcrumb":{"type":"breadcrumb","settings":{"sw":true,"hidemb":false,"tc":false}},"richtext_v2_i3RVyt":{"type":"richtext-v2","blocks":{"heading_VzLBAz":{"type":"heading","settings":{"heading":"<h1><em>{{ collection.title }}<\/em><\/h1>","grid_position":"1","grid_alignment":"left","cl":"#222222","fs":32,"fsm":24,"fw":600,"lh":1.3,"mb":20,"tff":""}},"text_d8n78T":{"type":"text","settings":{"text":"<p>{{ collection.metafields.collection.short_discription | metafield_tag }}<\/p>","grid_position":"9","grid_alignment":"left","cl":"#222222","fs":13,"fsm":13,"fw":400,"lh":1.5,"mb":20,"image_enable":true,"image_type":"image","svg_code":"","image_width":100,"image_height":100}}},"block_order":["heading_VzLBAz","text_d8n78T"],"settings":{"grid_columns":"1","grid_rows":"1","gap_direction":0,"align_items":"center","max_width":1200,"show_column_bg":false,"enable_left_border":false,"border_thickness":1,"border_color":"#222222","tagg":"tc","lefta":false,"enable_fancy":true,"italic_fancy_font":true,"italic_font_selection":"secondary","bg":"#ffffff","bgg":"","overlay":"#222222","overlay_op":0,"ganim":true,"sst":60,"ssb":60,"sstm":40,"ssbm":40,"sw":true,"maxwd":100,"left_align":true,"hidem":false,"hided":false,"animsp":1,"btn_bg_color":"#007bff","btn_text_color":"#ffffff","image_border_radius":25,"image_wrapper_width":60,"image_wrapper_height":60,"image_block_margin":20}},"group_button_NCPkhU":{"type":"group-button","blocks":{"button_taPCVQ":{"type":"button","settings":{"title":"","link":"asphalt-aura","newtab":false,"hidem":false}},"button_ikG8yM":{"type":"button","settings":{"title":"","link":"long-sleeve-streetwear","newtab":false,"hidem":false}},"button_BNM9kL":{"type":"button","settings":{"title":"","link":"polo-t-shirt","newtab":false,"hidem":false}},"button_i93dVM":{"type":"button","settings":{"title":"","link":"asphalt-aura","newtab":false,"hidem":false}}},"block_order":["button_taPCVQ","button_ikG8yM","button_BNM9kL","button_i93dVM"],"name":"Group Buttons","settings":{"title":"","subtitle":"","gspace":15,"gspacem":10,"grid":4,"gridtb":3,"gridmb":2,"btn1":"#ffffff","btn1_txt":"#111111","btn1_bdr":"#111111","btn1h":"#111111","btn1_txth":"#ffffff","btn1_bdrh":"#111111","fs":14,"fsm":14,"fw":"600","irad":5,"pad":15,"padm":8,"sw":false,"bg":"#ffffff","bgg":"","overlay":"#000000","overlay_op":0,"headings_cl":"","sst":40,"ssb":40,"sstm":15,"ssbm":15,"hidem":false,"hided":false}},"collection":{"type":"main-collection","blocks":{"filter_by_Ja7wHh":{"type":"filter_by","settings":{"title":"Filter By","flpcnt":true}},"c48c56f1-0620-4109-aef0-490223599f1d":{"type":"image_bnr","settings":{"overlay":"#6eb69c","overlay_op":0.1,"prehead":"Street Ink","pfs":"h6","title":"Graffiti Cap Drop","fs":"body","tff":"ft1","cl":"#414042","btn_txt":"Shop Collection","btn-style":"btnLink","link":"shopify:\/\/collections\/legends-of-marvel","rad":10}}},"block_order":["filter_by_Ja7wHh","c48c56f1-0620-4109-aef0-490223599f1d"],"settings":{"clttl":false,"climg":false,"media_height":"media--400px","enable_description":false,"des_pos":"2","enable_small_description":false,"metafield":"<p>{{ collection.metafields.collection.short_discription | metafield_tag }}<\/p>","talign":false,"pcount":false,"gridicn":true,"sortby":true,"grid":4,"gridtb":3,"gridmb":2,"prpp":12,"pagination":"button","h1color":"#ffffff","svg_code":"SVG","filters":true,"sbpos":"popup","tbg":true,"filter_bg":"#ffffff","flbdr":"#f5f5f5","flshadow":true,"sbg":true,"sidebar_bg":"#ffffff","sidebar_bdr":"#eeeeee","tff":"ft1","ttl_fs":14,"bx_ttlw":"fwr","bx_tcase":"ttu","ttl_cl":"#414042","dis_botbdr":false,"flbtmbdr":"#414042","tglico":false,"opt_fs":14,"optcase":"ttu","opt_cl":"#000000","opt_cl_hov":"#89ceb5","swatch_size":18,"swatch_rounded":30,"filter_bdr":"#444444","act_filter_cl":"#ffffff","act_filter_bg":"#222222","bar":"#ffffff","bara":"#111111","flcolumn":"Brand, Size,color","sw":true,"npd":false,"bg":"#ffffff","bgg":"","overlay":"#111111","overlay_op":0.9,"sst":40,"ssb":100,"sstm":20,"ssbm":20,"hidem":false,"hided":false,"hidemb":false,"tc":false}},"scroling_text_JQzf9i":{"type":"scroling-text","blocks":{"text_W6YMw8":{"type":"text","settings":{"text":"Enjoy free shipping on all orders above ₹199","outline":false}},"text_kgpnxa":{"type":"text","settings":{"text":"Avail exclusive discounts for a limited time only","outline":false}},"text_WnYNQK":{"type":"text","settings":{"text":"Discover new deals and offers updated every day","outline":false}}},"block_order":["text_W6YMw8","text_kgpnxa","text_WnYNQK"],"name":"Scrolling Text","settings":{"ff":"ft1","rotate_enable":true,"rotate_deg":2,"fs":28,"fsm":20,"fw":"400","cl":"#ffffff","space":40,"icon":"star","icns":16,"speed":20,"speedm":15,"bg":"#222222","bgg":"","overlay":"#3d4246","overlay_op":0,"sst":0,"ssb":30,"sstm":5,"ssbm":5,"msb":10,"hidem":false,"hided":false}},"hero_nRkhBz":{"type":"hero","name":"Hero Banner","settings":{"hit":700,"hitt":500,"hitm":400,"image":"shopify:\/\/shop_images\/Lucid_Origin_A_confident_young_man_wearing_a_plain_white_tshir_0_upscayl_2x_remacri-4x.png","overlay":"#000","overlay_op":0,"italic_fancy_font":false,"italic_font_selection":"primary","ibrad":0,"parallax":true,"ol_link":false,"cntwd":1400,"cwd":500,"text-align":"tc f-jcc","text_align":"f-jcc-md f-aic-md","text_align_m":"f-jcc f-aic","tbg":"#fff","opt":1,"bpd":60,"bpdm":30,"brad":5,"sw":true,"npd":true,"sst":40,"ssb":0,"sstm":30,"ssbm":0,"hidem":false,"hided":false}},"collection_list2_L9rxhn":{"type":"collection-list2","blocks":{"collection_k7MGed":{"type":"collection","settings":{"collection":"asphalt-aura","image":"shopify:\/\/shop_images\/Lucid_Origin_Ultrarealistic_highly_detailed_fashion_photoshoot_3_upscayl_4x_upscayl-standard-4x.jpg","pretitle":"Effortless style","title":"Polo T-Shirt","btntxt":"","url":""}},"collection_e9FDTV":{"type":"collection","settings":{"collection":"asphalt-aura","image":"shopify:\/\/shop_images\/Lucid_Origin_Ultrarealistic_fashion_catalog_photoshoot_in_a_wa_0.jpg","pretitle":"Crafted from ultra-soft","title":"Crafted from ultra-soft","btntxt":"","url":""}},"collection_mfD9ix":{"type":"collection","settings":{"collection":"asphalt-aura","image":"shopify:\/\/shop_images\/Lucid_Origin_Ultrarealistic_fashion_catalog_photoshoot_in_a_wa_1.jpg","pretitle":"Clean silhouette create a sharp","title":"Classic Cap Hoodie","btntxt":"","url":""}},"collection_b3CiKn":{"type":"collection","settings":{"collection":"asphalt-aura","image":"shopify:\/\/shop_images\/Lucid_Origin_A_confident_young_man_wearing_a_plain_white_tshir_2_upscayl_4x_upscayl-standard-4x.jpg","pretitle":"Detailed animal illustration","title":"Wild Spirit Tee","btntxt":"","url":""}}},"block_order":["collection_k7MGed","collection_e9FDTV","collection_mfD9ix","collection_b3CiKn"],"name":"Collection List (Overlay)","settings":{"title":"Our Collection","subtitle":"","italic_fancy_font":false,"italic_font_selection":"primary","enable_background":false,"ratio":"160","gspace":15,"gspacem":10,"grid":4,"gridtb":3,"gridmb":1,"count":false,"zoom":true,"irad":15,"btn-style":"btn7","btn-size":"btn-sm","text-align":"tl","pfs":14,"pfsm":14,"ft":"ft1","fs":20,"fsm":18,"lh":1.5,"fw":"500","cl":"#ffffff","tbg":"#000000","tbg_op":0,"carousel":true,"loop":false,"autoplay":false,"speed":5,"arrow":true,"arrowm":false,"dot":false,"dotm":false,"sw":true,"npd":false,"bg":"#ffffff","bgg":"","overlay":"#3d4246","overlay_op":1,"headings_cl":"","sst":40,"ssb":40,"sstm":30,"ssbm":30,"hidem":false,"hided":false}},"related_products_eD3djG":{"type":"related-products","name":"Related Products","settings":{"title":"Related Products","italic_fancy_font":false,"italic_font_selection":"primary","subtitle":"","type":"1","grid":4,"gridtb":3,"gridmb":1.4,"limit":5,"carousel":true,"loop":true,"autoplay":false,"speed":5,"arrow":true,"arrowm":false,"dot":false,"dotm":false,"sw":true,"bg":"#ffffff","bgg":"","headings_cl":"","sst":40,"ssb":40,"sstm":15,"ssbm":15,"hidem":false,"hided":false}},"recently_viewed_64kAD6":{"type":"recently-viewed","name":"Recently Viewed","settings":{"title":"Recently Viewed Products","italic_fancy_font":false,"italic_font_selection":"primary","subtitle":"","grid":4,"gridtb":3,"gridmb":1.4,"row":6,"carousel":true,"loop":true,"autoplay":false,"speed":5,"arrow":true,"arrowm":false,"dot":true,"dotm":true,"sw":true,"bg":"#ffffff","bgg":"","headings_cl":"","sst":40,"ssb":40,"sstm":15,"ssbm":15,"hidem":false,"hided":false}},"faq_dDAhGG":{"type":"faq","blocks":{"faqs_cPtYdy":{"type":"faqs","settings":{"title":"What sizes are available for Teevore T-shirts?","answer":"<p>Our T-shirts are available in sizes XS to XXL. Please refer to the size guide on each product page for exact measurements.<\/p>","open":false}},"faqs_de3zyf":{"type":"faqs","settings":{"title":"What material are your T-shirts made from?","answer":"<p>Teevore T-shirts are made from 100% premium cotton, offering a soft, breathable, and long-lasting wear.<\/p>","open":false}},"faqs_F9n3Lb":{"type":"faqs","settings":{"title":"How should I wash and care for my T-shirt?","answer":"<p>We recommend machine washing cold with like colors and tumble drying on low. Avoid bleach and ironing directly on prints.<\/p>","open":false}},"faqs_KVz3GE":{"type":"faqs","settings":{"title":"Do you offer international shipping?","answer":"<p>Yes, Teevore ships worldwide. Shipping rates and delivery times vary based on your location.<\/p>","open":false}},"faqs_aMrnxk":{"type":"faqs","settings":{"title":"Can I return or exchange my T-shirt?","answer":"<p>Yes, we offer a 7-day return and exchange policy on unused items with original packaging and tags.<\/p>","open":false}},"faqs_EhpFfQ":{"type":"faqs","settings":{"title":"How long does delivery take?","answer":"<p>Orders are typically delivered within 3-7 business days in India, and 7-15 business days internationally.<\/p>","open":false}},"newsletter_cRjc8G":{"type":"newsletter","disabled":true,"settings":{"title":"","subtitle":"Sign up to stay in the loop. Receive updates,<br> access to exclusive deals, and more.","style":"1","fs":22,"fsm":18,"fst":14,"fstm":13,"cl":"#000000","tf_bg":"#eeeeee","tf_txt":"#000000","btncl":"#ffffff","btnbg":"#000000","btnclh":"#ffffff","btnbgh":"#86bbbf","sw":true,"npd":true,"bg":"#222222","bgg":"","overlay":"#3d4246","overlay_op":0,"headings_cl":"","sst":40,"ssb":40,"sstm":15,"ssbm":15,"hidem":false,"hided":false}}},"block_order":["faqs_cPtYdy","faqs_de3zyf","faqs_F9n3Lb","faqs_KVz3GE","faqs_aMrnxk","faqs_EhpFfQ","newsletter_cRjc8G"],"name":"FAQs","settings":{"title":"Need Help? Start Here","subtitle":"Answers to common questions about our T-shirts, shipping, and returns.","enable_small_card":true,"enable_faq_only":true,"italic_font_selection":"secondary","page_width":2000,"accor":true,"acc_style":"1","tcl":"#222222","tfs":15,"tfsm":14,"tfw":"500","qu":"#222222","fs":13,"fsm":12,"fw":"400","an":"#222222","fst":13,"fsmt":13,"bdr":"#535353","links":false,"lfs":14,"lfsm":19,"lfw":"500","lcl":"#222222","lclh":"#222222","lbg":"#222222","lbd":"#acacac","sw":true,"bg":"#ffffff","bgg":"","overlay":"#3d4246","overlay_op":0,"headings_cl":"","sst":60,"ssb":40,"sstm":40,"ssbm":40,"hidem":false,"hided":false}}},"order":["breadcrumb","richtext_v2_i3RVyt","group_button_NCPkhU","collection","scroling_text_JQzf9i","hero_nRkhBz","collection_list2_L9rxhn","related_products_eD3djG","recently_viewed_64kAD6","faq_dDAhGG"]}