{"sections":{"breadcrumb":{"type":"breadcrumb","disabled":true,"settings":{"sw":true,"hidemb":false,"tc":false}},"richtext_v2_YABhmz":{"type":"richtext-v2","blocks":{"heading_xTAJXR":{"type":"heading","settings":{"heading":"<h1><em>{{ collection.title }}<\/em><\/h1>","grid_position":"1","grid_alignment":"left","cl":"#222222","lh":1.3,"mb":20,"tff":""}},"text_fcNBR7":{"type":"text","settings":{"text":"<p>{{ collection.metafields.collection.short_discription | metafield_tag }}<\/p>","grid_position":"9","grid_alignment":"left","cl":"#222222","fs":15,"fsm":14,"fw":400,"lh":1.5,"mb":20,"image_enable":true,"image_type":"image","svg_code":"","image_width":100,"image_height":100}}},"block_order":["heading_xTAJXR","text_fcNBR7"],"disabled":true,"settings":{"grid_columns":"1","grid_rows":"1","gap_direction":0,"align_items":"center","max_width":1200,"show_column_bg":false,"enable_left_border":false,"border_thickness":1,"border_color":"#222222","tagg":"tc","lefta":false,"enable_fancy":true,"italic_fancy_font":true,"italic_font_selection":"secondary","bg":"#ffffff","bgg":"","overlay":"#222222","overlay_op":0,"ganim":true,"sst":0,"ssb":60,"sstm":0,"ssbm":40,"sw":true,"maxwd":100,"left_align":true,"hidem":false,"hided":false,"animsp":1,"btn_bg_color":"#007bff","btn_text_color":"#ffffff","image_border_radius":25,"image_wrapper_width":60,"image_wrapper_height":60,"image_block_margin":20}},"collection":{"type":"main-collection","blocks":{"filter_by_Ja7wHh":{"type":"filter_by","settings":{"title":"Filter By","flpcnt":true}},"image_bnr_CyCrUd":{"type":"image_bnr","settings":{"img":"shopify:\/\/shop_images\/Lucid_Origin_A_confident_white_young_man_with_a_slender_build__0.jpg","overlay":"#000000","overlay_op":0.3,"prehead":"MOST AWAITED SALE","pfs":"body","title":"Get flat 70% OFF","fs":"h3","tff":"ft2","cl":"#000000","btn_txt":"Shop Now","btn-style":"btn1","link":"","rad":10}}},"block_order":["filter_by_Ja7wHh","image_bnr_CyCrUd"],"settings":{"clttl":true,"climg":true,"use_custom_image":true,"collection_image":"{{ collection.metafields.custom.heading_image.value }}","media_height":"media--900px","enable_description":false,"des_pos":"2","enable_small_description":true,"metafield":"<p>{{ collection.metafields.collection.short_discription | metafield_tag }}<\/p>","talign":false,"pcount":true,"gridicn":true,"sortby":true,"grid":4,"gridtb":3,"gridmb":2,"prpp":48,"pagination":"button","h1color":"#ffffff","svg_code":"<svg width=\"24\" height=\"24\" viewbox=\"0 0 24 24\" fill=\"none\" xmlns=\"https:\/\/www.w3.org\/2000\/svg\">\n<path d=\"M12 2.58997V13.61L2.65 20.15C1.8 19.14 1.75 17.61 2.7 15.9L5.82 10.29L8.76 4.99997C9.65 3.39997 10.82 2.58997 12 2.58997Z\" fill=\"white\" fill-opacity=\"0.5\"><\/path>\n<path opacity=\"0.6\" d=\"M21.3504 20.15C20.7004 20.94 19.5704 21.41 18.0604 21.41H5.94039C4.43039 21.41 3.30039 20.94 2.65039 20.15L12.0004 13.61L21.3504 20.15Z\" fill=\"white\" fill-opacity=\"0.5\"><\/path>\n<path opacity=\"0.4\" d=\"M21.35 20.15L12 13.61V2.58997C13.18 2.58997 14.35 3.39997 15.24 4.99997L18.18 10.29L21.3 15.9C22.25 17.61 22.2 19.14 21.35 20.15Z\" fill=\"white\" fill-opacity=\"0.5\"><\/path>\n<\/svg>","filters":true,"sbpos":"popup","tbg":true,"filter_bg":"#ffffff","flbdr":"#f1f1f1","flshadow":false,"sbg":false,"sidebar_bg":"#ffffff","sidebar_bdr":"#f1f1f1","tff":"ft1","ttl_fs":13,"bx_ttlw":"fwr","bx_tcase":"ttu","ttl_cl":"#222222","dis_botbdr":false,"flbtmbdr":"#222222","tglico":true,"opt_fs":13,"optcase":"ttu","opt_cl":"#222222","opt_cl_hov":"#fdca40","swatch_size":36,"swatch_rounded":18,"filter_bdr":"#444444","act_filter_cl":"#ffffff","act_filter_bg":"#222222","bar":"#ffffff","bara":"#111111","flcolumn":"Availability","sw":true,"npd":false,"bg":"#ffffff","bgg":"","overlay":"#111111","overlay_op":0.4,"sst":0,"ssb":100,"sstm":0,"ssbm":20,"hidem":false,"hided":false,"hidemb":false,"tc":false}},"hero_wz47Wf":{"type":"hero","disabled":true,"name":"Hero Banner","settings":{"hit":500,"hitt":500,"hitm":400,"image":"shopify:\/\/shop_images\/Lucid_Origin_A_stylish_young_man_wearing_a_lightweight_tshirt__0_a1fbf2a0-fa85-4634-b49c-c5c996efa8c4.jpg","overlay":"#000000","overlay_op":0,"italic_fancy_font":false,"italic_font_selection":"primary","ibrad":0,"parallax":true,"ol_link":false,"cntwd":1400,"cwd":500,"text-align":"tc f-jcc","text_align":"f-jcc-md f-aic-md","text_align_m":"f-jcc f-aic","tbg":"#ffffff","opt":0,"bpd":60,"bpdm":30,"brad":5,"sw":true,"npd":true,"sst":0,"ssb":0,"sstm":0,"ssbm":0,"hidem":false,"hided":false}},"scroling_text_JQzf9i":{"type":"scroling-text","blocks":{"text_W6YMw8":{"type":"text","settings":{"text":"Enjoy free shipping on all orders above ₹199","outline":false}},"text_kgpnxa":{"type":"text","settings":{"text":"Avail exclusive discounts for a limited time only","outline":false}},"text_WnYNQK":{"type":"text","settings":{"text":"Discover new deals and offers updated every day","outline":false}}},"block_order":["text_W6YMw8","text_kgpnxa","text_WnYNQK"],"name":"Scrolling Text","settings":{"ff":"ft1","rotate_enable":true,"rotate_deg":2,"fs":28,"fsm":20,"fw":"400","cl":"#ffffff","space":40,"icon":"star","custom_svg":"Free shipping on order over $199","icns":16,"speed":20,"speedm":15,"bg":"#414042","bgg":"","overlay":"#3d4246","overlay_op":0,"sst":0,"ssb":30,"sstm":5,"ssbm":5,"msb":10,"hidem":false,"hided":false}},"collection_list2_aEzBjg":{"type":"collection-list2","blocks":{"collection_RdKenL":{"type":"collection","settings":{"collection":"t-shirts","media_type":"image","image":"shopify:\/\/shop_images\/Lucid_Origin_Ultrarealistic_highly_detailed_fashion_photoshoot_3_upscayl_4x_upscayl-standard-4x.jpg","pretitle":"","title":"Polo T-Shirt","btntxt":"","url":""}},"collection_8jzNVJ":{"type":"collection","settings":{"collection":"color-theory-collection","media_type":"image","pretitle":"","title":"","btntxt":"","url":""}},"collection_jYL8QH":{"type":"collection","settings":{"collection":"bharat-legacy","media_type":"image","pretitle":"","title":"Bharat Legacy","btntxt":"","url":""}},"collection_7NYhNN":{"type":"collection","settings":{"collection":"shaurya-collection","media_type":"image","pretitle":"","title":"Shaurya Collection","btntxt":"","url":""}},"collection_mHkfcW":{"type":"collection","settings":{"collection":"trackline-collection","media_type":"image","pretitle":"","title":"Trackline","btntxt":"","url":""}},"collection_mezNft":{"type":"collection","settings":{"collection":"urban-wear","media_type":"image","pretitle":"","title":"Urban Wear","btntxt":"","url":""}},"collection_hNbP8V":{"type":"collection","settings":{"collection":"t-shirts","media_type":"image","pretitle":"","title":"Casual","btntxt":"","url":""}}},"block_order":["collection_RdKenL","collection_8jzNVJ","collection_jYL8QH","collection_7NYhNN","collection_mHkfcW","collection_mezNft","collection_hNbP8V"],"name":"Collection List","settings":{"title":"Our Collection","subtitle":"","pretitle_show":true,"italic_fancy_font":false,"enable_design":false,"italic_font_selection":"primary","enable_background":false,"different_design":true,"ratio":"150","gspace":15,"gspacem":10,"gridxxl":5,"grid":4,"gridtb":3,"gridmb":1.5,"count":false,"zoom":true,"irad":15,"btn-style":"btn7","btn-size":"btn-sm","text-align":"tl","pfs":12,"pfsm":12,"ft":"ft1","fs":17,"fsm":15,"lh":1.5,"fw":"500","cl":"#ffffff","tbg":"#000000","tbg_op":0,"carousel":true,"loop":false,"autoplay":false,"speed":5,"arrow":true,"arrowm":false,"dot":false,"dotm":false,"sw":false,"npd":false,"bg":"#ffffff","bgg":"","overlay":"#3d4246","overlay_op":1,"headings_cl":"","sst":100,"ssb":100,"sstm":30,"ssbm":30,"hidem":false,"hided":false,"pdr":5,"pdl":15}},"brand_comparison_mW8GfB":{"type":"brand-comparison","blocks":{"comparison_row_tcrtLp":{"type":"comparison_row","settings":{"feature_name":"Fabric Density","brand1_value":"280 GSM","brand1_arrow":"up","brand1_icon":"","brand2_value":"180 GSM","brand2_arrow":"down","brand2_icon":""}},"comparison_row_DBgBde":{"type":"comparison_row","settings":{"feature_name":"RIB Construction","brand1_value":"Double-needle ribbed","brand1_arrow":"up","brand1_icon":"","brand2_value":"Single-needle","brand2_arrow":"down","brand2_icon":""}},"comparison_row_BkhAcy":{"type":"comparison_row","settings":{"feature_name":"Seam Technology","brand1_value":"Triple-reinforced","brand1_arrow":"up","brand1_icon":"","brand2_value":"Standard seams","brand2_arrow":"down","brand2_icon":""}},"comparison_row_6JNFq3":{"type":"comparison_row","settings":{"feature_name":"Moisture Management","brand1_value":"Hydrophobic fiber blend","brand1_arrow":"up","brand1_icon":"","brand2_value":"Basic cotton","brand2_arrow":"down","brand2_icon":""}},"comparison_row_JTFLqQ":{"type":"comparison_row","settings":{"feature_name":"Dye Quality","brand1_value":"OEKO-TEX certified","brand1_arrow":"up","brand1_icon":"","brand2_value":"Standard dyes","brand2_arrow":"down","brand2_icon":""}},"comparison_row_CCqWYh":{"type":"comparison_row","settings":{"feature_name":"Antimicrobial","brand1_value":"Silver ion technology","brand1_arrow":"up","brand1_icon":"","brand2_value":"None","brand2_arrow":"down","brand2_icon":""}},"comparison_row_Mtby3m":{"type":"comparison_row","settings":{"feature_name":"Fit Engineering","brand1_value":"Ergonomic with stretch zones","brand1_arrow":"up","brand1_icon":"","brand2_value":"Standard fit","brand2_arrow":"down","brand2_icon":""}},"comparison_row_rpH8Nk":{"type":"comparison_row","settings":{"feature_name":"Thread Count","brand1_value":"40s combed cotton (200 TC)","brand1_arrow":"up","brand1_icon":"","brand2_value":"20s cotton (150 TC)","brand2_arrow":"down","brand2_icon":""}}},"block_order":["comparison_row_tcrtLp","comparison_row_DBgBde","comparison_row_BkhAcy","comparison_row_6JNFq3","comparison_row_JTFLqQ","comparison_row_CCqWYh","comparison_row_Mtby3m","comparison_row_rpH8Nk"],"name":"Brand Comparison","settings":{"title":"What Makes us Different","subtitle":"","italic_fancy_font":false,"italic_font_selection":"primary","media_type":"image","image":"shopify:\/\/shop_images\/GeneratedImageSeptember04_2025-12_13AM_1.jpg","video_url":"","media_fit":"contain","media_position":"top","video_aspect_ratio":50,"brand1_icon_color":"#3baa5c","brand2_icon_color":"#d26464","show_header":true,"header_feature_text":"Features","header_brand1_text":"Our Brand","header_brand2_text":"Competitor","header_bg":"#f8f9fa","header_text_color":"#212529","header_border_color":"#dee2e6","header_border_width":1,"header_padding":16,"header_font_size":16,"header_font_weight":600,"header_text_align":"left","header_margin_bottom":8,"max_width":1000,"column_width":30,"row_gap":12,"row_bg":"#ffffff","row_hover_bg":"#f8f9fa","row_text_color":"#212529","row_hover_border_color":"#007bff","row_border_width":1,"row_padding":14,"row_font_size":15,"row_line_height":1.4,"feature_text_color":"#212529","feature_font_weight":600,"feature_text_align":"left","brand_text_align":"left","icon_size":20,"arrow_size":6,"arrow_up_color":"#3baa5c","arrow_down_color":"#d26464","mobile_font_size":14,"mobile_padding":12,"sw":true,"bg":"#ffffff","bgg":"","overlay":"#3d4246","overlay_op":0,"headings_cl":"","sst":50,"ssb":50,"sstm":25,"ssbm":25,"hidem":false,"hided":false}},"blog_post_enhance_4RW6tx":{"type":"blog-post-enhance","name":"Blog Stories","settings":{"title":"Journals","subtitle":"Organize your Thoughts and Ideas with Premium Quality Journals.","align_items":"center","justify_content":"start","blog_url":"shopify:\/\/blogs\/journal","show_view_all":"View All","btn-style":"btnLink","btn-size":"btn-sm","sw":true,"npd":false,"sst":40,"ssb":40,"sstm":15,"ssbm":15,"hidem":false,"hided":false,"blog_handle":"journal","articles_count":4,"excerpt_length":120,"show_view_more_button":true,"view_more_text":"View More","view_more_url":"","read_more_text":"Read More","show_date_icon":true,"show_comment_icon":true,"comments_text":"Comments","date_format":"%B %d, %Y"}},"related_products_mThzFW":{"type":"related-products","name":"Related Products","settings":{"title":"Related Products","italic_fancy_font":false,"italic_font_selection":"primary","subtitle":"","type":"1","grid":4,"gridtb":3,"gridmb":1.4,"limit":5,"carousel":true,"loop":true,"autoplay":false,"speed":5,"arrow":true,"arrowm":false,"dot":false,"dotm":false,"sw":false,"bg":"#ffffff","bgg":"","headings_cl":"","sst":40,"ssb":40,"sstm":15,"ssbm":15,"hidem":false,"hided":false}},"recently_viewed_cixkhy":{"type":"recently-viewed","name":"Recently Viewed","settings":{"title":"Recently Viewed Products","italic_fancy_font":false,"italic_font_selection":"primary","subtitle":"","grid":4,"gridtb":3,"gridmb":1.4,"row":6,"carousel":true,"loop":true,"autoplay":false,"speed":5,"arrow":true,"arrowm":false,"dot":true,"dotm":true,"sw":false,"bg":"#ffffff","bgg":"","headings_cl":"","sst":40,"ssb":40,"sstm":15,"ssbm":15,"hidem":false,"hided":false}},"faq_V4LKdY":{"type":"faq","blocks":{"faqs_eRwAEh":{"type":"faqs","settings":{"title":"What sizes are available for Teevore T-shirts?","answer":"<p>Our T-shirts are available in sizes XS to XXL. Please refer to the size guide on each product page for exact measurements.<\/p>","open":false}},"faqs_FzdcJP":{"type":"faqs","settings":{"title":"What material are your T-shirts made from?","answer":"<p>Teevore T-shirts are made from 100% premium cotton, offering a soft, breathable, and long-lasting wear.<\/p>","open":false}},"faqs_rxTTUt":{"type":"faqs","settings":{"title":"How should I wash and care for my T-shirt?","answer":"<p>We recommend machine washing cold with like colors and tumble drying on low. Avoid bleach and ironing directly on prints.<\/p>","open":false}},"faqs_wXLxDF":{"type":"faqs","settings":{"title":"Do you offer international shipping?","answer":"<p>Yes, Teevore ships worldwide. Shipping rates and delivery times vary based on your location.<\/p>","open":false}},"faqs_HQkkrm":{"type":"faqs","settings":{"title":"Can I return or exchange my T-shirt?","answer":"<p>Yes, we offer a 7-day return and exchange policy on unused items with original packaging and tags.<\/p>","open":false}},"faqs_V7ABXc":{"type":"faqs","settings":{"title":"How long does delivery take?","answer":"<p>Orders are typically delivered within 3-7 business days in India, and 7-15 business days internationally.<\/p>","open":false}},"newsletter_EKgVXm":{"type":"newsletter","disabled":true,"settings":{"title":"","subtitle":"Sign up to stay in the loop. Receive updates,<br> access to exclusive deals, and more.","style":"1","fs":22,"fsm":18,"fst":14,"fstm":13,"cl":"#000000","tf_bg":"#eeeeee","tf_txt":"#000000","btncl":"#ffffff","btnbg":"#000000","btnclh":"#ffffff","btnbgh":"#86bbbf","sw":true,"npd":true,"bg":"#222222","bgg":"","overlay":"#3d4246","overlay_op":0,"headings_cl":"","sst":40,"ssb":40,"sstm":15,"ssbm":15,"hidem":false,"hided":false}}},"block_order":["faqs_eRwAEh","faqs_FzdcJP","faqs_rxTTUt","faqs_wXLxDF","faqs_HQkkrm","faqs_V7ABXc","newsletter_EKgVXm"],"custom_css":[".faq-item .rgTxt,.faq-answer p {color: var(--qcl);}"],"name":"FAQs","settings":{"title":"Need Help? Start Here","subtitle":"Answers to common questions about our T-shirts, shipping, and returns.","enable_small_card":true,"enable_faq_only":true,"italic_font_selection":"secondary","page_width":2000,"accor":true,"acc_style":"1","tcl":"#222222","tfs":15,"tfsm":14,"tfw":"500","qu":"#222222","fs":13,"fsm":12,"fw":"400","an":"#ffffff","fst":13,"fsmt":13,"bdr":"#535353","links":false,"lfs":14,"lfsm":19,"lfw":"500","lcl":"#222222","lclh":"#222222","lbg":"#222222","lbd":"#acacac","sw":true,"bg":"#ffffff","bgg":"","overlay":"#3d4246","overlay_op":0,"headings_cl":"","sst":60,"ssb":40,"sstm":40,"ssbm":40,"hidem":false,"hided":false}}},"order":["breadcrumb","richtext_v2_YABhmz","collection","hero_wz47Wf","scroling_text_JQzf9i","collection_list2_aEzBjg","brand_comparison_mW8GfB","blog_post_enhance_4RW6tx","related_products_mThzFW","recently_viewed_cixkhy","faq_V4LKdY"]}