{"sections":{"breadcrumb":{"type":"breadcrumb","disabled":true,"settings":{"sw":true,"hidemb":false,"tc":false}},"collection":{"type":"main-collection","blocks":{"filter_by_Ja7wHh":{"type":"filter_by","settings":{"title":"Filter By","flpcnt":true}}},"block_order":["filter_by_Ja7wHh"],"settings":{"clttl":true,"climg":true,"media_height":"media--600px","enable_description":false,"des_pos":"2","enable_small_description":true,"metafield":"<p>{{ collection.metafields.collection.short_discription | metafield_tag }}<\/p>","talign":false,"pcount":true,"gridicn":true,"sortby":true,"grid":4,"gridtb":3,"gridmb":2,"prpp":48,"pagination":"button","h1color":"#ffffff","svg_code":"<svg width=\"24\" height=\"24\" viewbox=\"0 0 24 24\" fill=\"none\" xmlns=\"https:\/\/www.w3.org\/2000\/svg\">\n<path d=\"M12 2.58997V13.61L2.65 20.15C1.8 19.14 1.75 17.61 2.7 15.9L5.82 10.29L8.76 4.99997C9.65 3.39997 10.82 2.58997 12 2.58997Z\" fill=\"white\" fill-opacity=\"0.5\"><\/path>\n<path opacity=\"0.6\" d=\"M21.3504 20.15C20.7004 20.94 19.5704 21.41 18.0604 21.41H5.94039C4.43039 21.41 3.30039 20.94 2.65039 20.15L12.0004 13.61L21.3504 20.15Z\" fill=\"white\" fill-opacity=\"0.5\"><\/path>\n<path opacity=\"0.4\" d=\"M21.35 20.15L12 13.61V2.58997C13.18 2.58997 14.35 3.39997 15.24 4.99997L18.18 10.29L21.3 15.9C22.25 17.61 22.2 19.14 21.35 20.15Z\" fill=\"white\" fill-opacity=\"0.5\"><\/path>\n<\/svg>","filters":true,"sbpos":"top","tbg":true,"filter_bg":"#ffffff","flbdr":"#f5f5f5","flshadow":true,"sbg":true,"sidebar_bg":"#ffffff","sidebar_bdr":"#eeeeee","tff":"ft1","ttl_fs":14,"bx_ttlw":"fwr","bx_tcase":"ttu","ttl_cl":"#222222","dis_botbdr":false,"flbtmbdr":"#222222","tglico":true,"opt_fs":14,"optcase":"ttu","opt_cl":"#222222","opt_cl_hov":"#fdca40","swatch_size":18,"swatch_rounded":30,"filter_bdr":"#444444","act_filter_cl":"#ffffff","act_filter_bg":"#222222","bar":"#ffffff","bara":"#111111","flcolumn":"Brand, Size,color","sw":true,"npd":false,"bg":"#ffffff","bgg":"","overlay":"#111111","overlay_op":0.4,"sst":0,"ssb":100,"sstm":0,"ssbm":20,"hidem":false,"hided":false,"hidemb":false,"tc":false}},"hero_wz47Wf":{"type":"hero","name":"Hero Banner","settings":{"hit":700,"hitt":500,"hitm":400,"image":"shopify:\/\/shop_images\/Lucid_Origin_A_confident_young_man_wearing_a_plain_white_tshir_0_upscayl_2x_remacri-4x.png","overlay":"#000000","overlay_op":0,"italic_fancy_font":false,"italic_font_selection":"primary","ibrad":0,"parallax":true,"ol_link":false,"cntwd":1400,"cwd":500,"text-align":"tc f-jcc","text_align":"f-jcc-md f-aic-md","text_align_m":"f-jcc f-aic","tbg":"#ffffff","opt":1,"bpd":60,"bpdm":30,"brad":5,"sw":true,"npd":true,"sst":0,"ssb":0,"sstm":0,"ssbm":0,"hidem":false,"hided":false}},"collection_list2_JLjGWM":{"type":"collection-list2","blocks":{"collection_6qiNrx":{"type":"collection","settings":{"collection":"asphalt-aura","image":"shopify:\/\/shop_images\/Lucid_Origin_Ultrarealistic_highly_detailed_fashion_photoshoot_3_upscayl_4x_upscayl-standard-4x.jpg","pretitle":"Effortless style","title":"Polo T-Shirt","btntxt":"","url":""}},"collection_HwUMEQ":{"type":"collection","settings":{"collection":"asphalt-aura","image":"shopify:\/\/shop_images\/Lucid_Origin_Ultrarealistic_fashion_catalog_photoshoot_in_a_wa_0.jpg","pretitle":"Crafted from ultra-soft","title":"Crafted from ultra-soft","btntxt":"","url":""}},"collection_NweXDW":{"type":"collection","settings":{"collection":"asphalt-aura","image":"shopify:\/\/shop_images\/Lucid_Origin_Ultrarealistic_fashion_catalog_photoshoot_in_a_wa_1.jpg","pretitle":"Clean silhouette create a sharp","title":"Classic Cap Hoodie","btntxt":"","url":""}},"collection_9WF97E":{"type":"collection","settings":{"collection":"asphalt-aura","image":"shopify:\/\/shop_images\/Lucid_Origin_A_confident_young_man_wearing_a_plain_white_tshir_2_upscayl_4x_upscayl-standard-4x.jpg","pretitle":"Detailed animal illustration","title":"Wild Spirit Tee","btntxt":"","url":""}}},"block_order":["collection_6qiNrx","collection_HwUMEQ","collection_NweXDW","collection_9WF97E"],"name":"Collection List (Overlay)","settings":{"title":"Our Collection","subtitle":"","italic_fancy_font":false,"italic_font_selection":"primary","enable_background":false,"ratio":"160","gspace":15,"gspacem":10,"grid":4,"gridtb":3,"gridmb":1,"count":false,"zoom":true,"irad":15,"btn-style":"btn7","btn-size":"btn-sm","text-align":"tl","pfs":14,"pfsm":14,"ft":"ft1","fs":20,"fsm":18,"lh":1.5,"fw":"500","cl":"#ffffff","tbg":"#000000","tbg_op":0,"carousel":true,"loop":false,"autoplay":false,"speed":5,"arrow":true,"arrowm":false,"dot":false,"dotm":false,"sw":true,"npd":false,"bg":"#ffffff","bgg":"","overlay":"#3d4246","overlay_op":1,"headings_cl":"","sst":40,"ssb":80,"sstm":30,"ssbm":40,"hidem":false,"hided":false}},"scroling_text_JQzf9i":{"type":"scroling-text","blocks":{"text_W6YMw8":{"type":"text","settings":{"text":"Enjoy free shipping on all orders above ₹199","outline":false}},"text_kgpnxa":{"type":"text","settings":{"text":"Avail exclusive discounts for a limited time only","outline":false}},"text_WnYNQK":{"type":"text","settings":{"text":"Discover new deals and offers updated every day","outline":false}}},"block_order":["text_W6YMw8","text_kgpnxa","text_WnYNQK"],"name":"Scrolling Text","settings":{"ff":"ft1","rotate_enable":true,"rotate_deg":2,"fs":28,"fsm":20,"fw":"400","cl":"#ffffff","space":40,"icon":"star","icns":16,"speed":20,"speedm":15,"bg":"#414042","bgg":"","overlay":"#3d4246","overlay_op":0,"sst":0,"ssb":30,"sstm":5,"ssbm":5,"msb":10,"hidem":false,"hided":false}},"brand_comparison_mW8GfB":{"type":"brand-comparison","blocks":{"comparison_row_tcrtLp":{"type":"comparison_row","settings":{"feature_name":"Fabric Density","brand1_value":"280 GSM","brand1_arrow":"up","brand1_icon":"","brand2_value":"180 GSM","brand2_arrow":"down","brand2_icon":""}},"comparison_row_DBgBde":{"type":"comparison_row","settings":{"feature_name":"RIB Construction","brand1_value":"Double-needle ribbed","brand1_arrow":"up","brand1_icon":"","brand2_value":"Single-needle","brand2_arrow":"down","brand2_icon":""}},"comparison_row_BkhAcy":{"type":"comparison_row","settings":{"feature_name":"Seam Technology","brand1_value":"Triple-reinforced","brand1_arrow":"up","brand1_icon":"","brand2_value":"Standard seams","brand2_arrow":"down","brand2_icon":""}},"comparison_row_6JNFq3":{"type":"comparison_row","settings":{"feature_name":"Moisture Management","brand1_value":"Hydrophobic fiber blend","brand1_arrow":"up","brand1_icon":"","brand2_value":"Basic cotton","brand2_arrow":"down","brand2_icon":""}},"comparison_row_JTFLqQ":{"type":"comparison_row","settings":{"feature_name":"Dye Quality","brand1_value":"OEKO-TEX certified","brand1_arrow":"up","brand1_icon":"","brand2_value":"Standard dyes","brand2_arrow":"down","brand2_icon":""}},"comparison_row_CCqWYh":{"type":"comparison_row","settings":{"feature_name":"Antimicrobial","brand1_value":"Silver ion technology","brand1_arrow":"up","brand1_icon":"","brand2_value":"None","brand2_arrow":"down","brand2_icon":""}},"comparison_row_Mtby3m":{"type":"comparison_row","settings":{"feature_name":"Fit Engineering","brand1_value":"Ergonomic with stretch zones","brand1_arrow":"up","brand1_icon":"","brand2_value":"Standard fit","brand2_arrow":"down","brand2_icon":""}},"comparison_row_rpH8Nk":{"type":"comparison_row","settings":{"feature_name":"Thread Count","brand1_value":"40s combed cotton (200 TC)","brand1_arrow":"up","brand1_icon":"","brand2_value":"20s cotton (150 TC)","brand2_arrow":"down","brand2_icon":""}}},"block_order":["comparison_row_tcrtLp","comparison_row_DBgBde","comparison_row_BkhAcy","comparison_row_6JNFq3","comparison_row_JTFLqQ","comparison_row_CCqWYh","comparison_row_Mtby3m","comparison_row_rpH8Nk"],"name":"Brand Comparison","settings":{"title":"What Makes us Different","subtitle":"","italic_fancy_font":false,"italic_font_selection":"primary","brand1_icon_color":"#3baa5c","brand2_icon_color":"#d26464","show_header":true,"header_feature_text":"Features","header_brand1_text":"Our Brand","header_brand2_text":"Competitor","header_bg":"#f8f9fa","header_text_color":"#212529","header_border_color":"#dee2e6","header_border_width":1,"header_padding":16,"header_font_size":16,"header_font_weight":600,"header_text_align":"left","header_margin_bottom":8,"max_width":1000,"column_width":30,"row_gap":12,"row_bg":"#ffffff","row_hover_bg":"#f8f9fa","row_text_color":"#212529","row_hover_border_color":"#007bff","row_border_width":1,"row_padding":14,"row_font_size":15,"row_line_height":1.4,"feature_text_color":"#212529","feature_font_weight":600,"feature_text_align":"left","brand_text_align":"left","icon_size":20,"arrow_size":6,"arrow_up_color":"#3baa5c","arrow_down_color":"#d26464","mobile_font_size":14,"mobile_padding":12,"sw":true,"bg":"#ffffff","bgg":"","overlay":"#3d4246","overlay_op":0,"headings_cl":"","sst":50,"ssb":50,"sstm":25,"ssbm":25,"hidem":false,"hided":false}},"related_products_mThzFW":{"type":"related-products","name":"Related Products","settings":{"title":"Related Products","italic_fancy_font":false,"italic_font_selection":"primary","subtitle":"","type":"1","grid":4,"gridtb":3,"gridmb":1.4,"limit":5,"carousel":true,"loop":true,"autoplay":false,"speed":5,"arrow":true,"arrowm":false,"dot":false,"dotm":false,"sw":true,"bg":"#ffffff","bgg":"","headings_cl":"","sst":40,"ssb":40,"sstm":15,"ssbm":15,"hidem":false,"hided":false}},"recently_viewed_cixkhy":{"type":"recently-viewed","name":"Recently Viewed","settings":{"title":"Recently Viewed Products","italic_fancy_font":false,"italic_font_selection":"primary","subtitle":"","grid":4,"gridtb":3,"gridmb":1.4,"row":6,"carousel":true,"loop":true,"autoplay":false,"speed":5,"arrow":true,"arrowm":false,"dot":true,"dotm":true,"sw":true,"bg":"#ffffff","bgg":"","headings_cl":"","sst":40,"ssb":40,"sstm":15,"ssbm":15,"hidem":false,"hided":false}},"blog_list_ixRf36":{"type":"blog-list","name":"Blog List","settings":{"title":"<p><strong>Latest Stories<\/strong><\/p>","subtitle":"","blog":"news","grids":"1","img_ratio":"60","bbrad":0,"limit":3,"grid":3,"gridtb":2,"gridmb":1,"gspace":20,"gspacem":10,"blog_align":"tl","blog_alignv":"f-ais","htag":"h2","tff":"ft1","fs":18,"fsm":16,"lh":1.5,"fw":"500","tcase":false,"author":false,"date":false,"comment":false,"tags":false,"desc":true,"dwords":15,"more":true,"viewall":"","btn-style":"btn1","btn-size":"btn-sm","carousel":true,"loop":true,"autoplay":false,"speed":5,"arrow":true,"arrowm":false,"dot":false,"dotm":true,"sw":false,"bg":"#fff","bgg":"","overlay":"#111","overlay_op":0,"headings_cl":"","sst":30,"ssb":30,"sstm":15,"ssbm":15,"hidem":false,"hided":false}},"faq_V4LKdY":{"type":"faq","blocks":{"faqs_eRwAEh":{"type":"faqs","settings":{"title":"What sizes are available for Teevore T-shirts?","answer":"<p>Our T-shirts are available in sizes XS to XXL. Please refer to the size guide on each product page for exact measurements.<\/p>","open":false}},"faqs_FzdcJP":{"type":"faqs","settings":{"title":"What material are your T-shirts made from?","answer":"<p>Teevore T-shirts are made from 100% premium cotton, offering a soft, breathable, and long-lasting wear.<\/p>","open":false}},"faqs_rxTTUt":{"type":"faqs","settings":{"title":"How should I wash and care for my T-shirt?","answer":"<p>We recommend machine washing cold with like colors and tumble drying on low. Avoid bleach and ironing directly on prints.<\/p>","open":false}},"faqs_wXLxDF":{"type":"faqs","settings":{"title":"Do you offer international shipping?","answer":"<p>Yes, Teevore ships worldwide. Shipping rates and delivery times vary based on your location.<\/p>","open":false}},"faqs_HQkkrm":{"type":"faqs","settings":{"title":"Can I return or exchange my T-shirt?","answer":"<p>Yes, we offer a 7-day return and exchange policy on unused items with original packaging and tags.<\/p>","open":false}},"faqs_V7ABXc":{"type":"faqs","settings":{"title":"How long does delivery take?","answer":"<p>Orders are typically delivered within 3-7 business days in India, and 7-15 business days internationally.<\/p>","open":false}},"newsletter_EKgVXm":{"type":"newsletter","disabled":true,"settings":{"title":"","subtitle":"Sign up to stay in the loop. Receive updates,<br> access to exclusive deals, and more.","style":"1","fs":22,"fsm":18,"fst":14,"fstm":13,"cl":"#000000","tf_bg":"#eeeeee","tf_txt":"#000000","btncl":"#ffffff","btnbg":"#000000","btnclh":"#ffffff","btnbgh":"#86bbbf","sw":true,"npd":true,"bg":"#222222","bgg":"","overlay":"#3d4246","overlay_op":0,"headings_cl":"","sst":40,"ssb":40,"sstm":15,"ssbm":15,"hidem":false,"hided":false}}},"block_order":["faqs_eRwAEh","faqs_FzdcJP","faqs_rxTTUt","faqs_wXLxDF","faqs_HQkkrm","faqs_V7ABXc","newsletter_EKgVXm"],"custom_css":[".faq-item .rgTxt,.faq-answer p {color: var(--qcl);}"],"name":"FAQs","settings":{"title":"Need Help? Start Here","subtitle":"Answers to common questions about our T-shirts, shipping, and returns.","enable_small_card":true,"enable_faq_only":true,"italic_font_selection":"secondary","page_width":2000,"accor":true,"acc_style":"1","tcl":"#222222","tfs":15,"tfsm":14,"tfw":"500","qu":"#222222","fs":13,"fsm":12,"fw":"400","an":"#ffffff","fst":13,"fsmt":13,"bdr":"#535353","links":false,"lfs":14,"lfsm":19,"lfw":"500","lcl":"#222222","lclh":"#222222","lbg":"#222222","lbd":"#acacac","sw":true,"bg":"#ffffff","bgg":"","overlay":"#3d4246","overlay_op":0,"headings_cl":"","sst":60,"ssb":40,"sstm":40,"ssbm":40,"hidem":false,"hided":false}}},"order":["breadcrumb","collection","hero_wz47Wf","collection_list2_JLjGWM","scroling_text_JQzf9i","brand_comparison_mW8GfB","related_products_mThzFW","recently_viewed_cixkhy","blog_list_ixRf36","faq_V4LKdY"]}