{"sections":{"breadcrumb":{"type":"breadcrumb","disabled":true,"settings":{"sw":true,"hidemb":false,"tc":false}},"slideshow_ciBABf":{"type":"slideshow","blocks":{"image_zBDKcX":{"type":"image","settings":{"image":"shopify:\/\/shop_images\/Lucid_Origin_Ultrarealistic_fashion_catalog_photoshoot_midshot_0.jpg","ovr":"#ffffff","ovropt":0,"pcl":"#ffffff","hd1":"Effortless Style for Every Day","pff":"ft1","pfs":14,"pfsm":14,"pfw":"600","plh":1.2,"pmb":5,"pmbm":5,"title":"Confident & Casual","htag":"h2","tff":"ft1","tfs":60,"tfsm":28,"tfw":"600","tlh":1.5,"to":1,"tmb":10,"tmbm":5,"hd3":"Discover the perfect blend of comfort and confidence with our premium plain black t-shirt.","hideh3":true,"ff":"ft1","fs":13,"fsm":12,"fw":"400","lh":1.2,"mb":25,"mbm":15,"btn":"Shop now","link":"","newtab":false,"display_btn":false,"btn2":"Shop now","link2":"","newtab1":false,"contwd":1400,"twd":900,"text-left":true,"txtpos":"f-aic-md f-jcs-md","txtposm":"f-jcc f-aie tc","isbox":false,"isboxm":false,"tbg":"#ffffff","opt":0.9,"brad":0}},"image_wWwPFm":{"type":"image","settings":{"image":"shopify:\/\/shop_images\/Lucid_Origin_Main_Subject__PoseA_stylish_young_woman_in_her_ea_0.jpg","ovr":"#000000","ovropt":0,"pcl":"#ffffff","hd1":"I AM REVONE","pff":"ft1","pfs":14,"pfsm":14,"pfw":"600","plh":1.2,"pmb":5,"pmbm":5,"title":"Sell more with exceptional design","htag":"h2","tff":"ft1","tfs":60,"tfsm":25,"tfw":"600","tlh":1.2,"to":1,"tmb":10,"tmbm":5,"hd3":"A Feature-rich, Highly Flexible & Fastest Shopify Theme","hideh3":true,"ff":"ft1","fs":16,"fsm":14,"fw":"400","lh":1.2,"mb":25,"mbm":15,"btn":"Shop now","link":"","newtab":false,"display_btn":false,"btn2":"Shop now","link2":"","newtab1":false,"contwd":1400,"twd":600,"text-left":true,"txtpos":"f-aic-md f-jcs-md","txtposm":"f-aic f-jcs","isbox":false,"isboxm":false,"tbg":"#ffffff","opt":0.9,"brad":0}}},"block_order":["image_zBDKcX","image_wWwPFm"],"name":"Carousel","settings":{"ht":"2","htd":800,"htt":600,"htm":500,"section_width":false,"box-width":1800,"sbrad":25,"fade":true,"loop":true,"autoplay":true,"speed":5,"arrow":true,"arrowm":false,"arrowc":"#ffffff","arrowbg":"rgba(0,0,0,0)","dot":true,"dotm":true,"dots":"#dddddd","imganim":true,"txtanimation":true,"animation-style":"st3","sw":true,"sst":0,"ssb":50,"sstm":0,"ssbm":25,"hidem":false,"hided":false}},"image_masked_heading_8M7Efz":{"type":"Image-masked-heading","name":"Image Masked Text","settings":{"heading_text":"Fashion with a Statement","paragraph":"Teevore is where fashion meets fearless expression. From zodiac drops to savage one-liners, our tees are made to turn heads and spark conversations. No filters, no fluff — just raw personality in every thread. Ready to wear what you actually think?","heading_tag":"h1","mask_image":"shopify:\/\/shop_images\/Lucid_Origin_Ultrarealistic_fashion_catalog_photoshoot_midshot_0.jpg","show_text_outline":false,"text_outline_color":"#000000","text_outline_width":1,"heading_size":72,"heading_weight":"900","text_align":"center","background_color":"#ffffff","margin_top":40,"margin_bottom":40,"content_padding":40,"min_height":300}},"product_slider_dVbVWg":{"type":"product-slider","name":"New Arrivals","settings":{"title":"New Arrivals!","subtitle":"Explore the latest trends and timeless classics","align_items":"start","justify_content":"start","elg":false,"italic_font_selection":"secondary","collection":"asphalt-aura","prbox_style":"grid_1","show_color_swatch":true,"show_vendor":false,"grid":4,"gridtb":3,"gridmb":1.5,"rows":50,"show_view_all":"View all","btn-style":"btnLink","btn-size":"btn-md","carousel":false,"loop":false,"autoplay":false,"speed":5,"arrow":true,"arrowm":false,"dot":true,"dotm":true,"sw":false,"npd":false,"bg":"#ffffff","bgg":"","overlay":"#222222","overlay_op":0,"headings_cl":"","sst":40,"ssb":40,"sstm":30,"ssbm":30,"hidem":false,"hided":false}},"product_slider_tDUzPb":{"type":"product-slider","name":"Best Sellers","settings":{"title":"Best Seller","subtitle":"Explore the latest trends and timeless classics","align_items":"start","justify_content":"start","elg":false,"italic_font_selection":"secondary","collection":"long-sleeve-streetwear","prbox_style":"grid_1","show_color_swatch":true,"show_vendor":false,"grid":4,"gridtb":3,"gridmb":1.5,"rows":50,"show_view_all":"View all","btn-style":"btnLink","btn-size":"btn-md","carousel":false,"loop":false,"autoplay":false,"speed":5,"arrow":true,"arrowm":false,"dot":true,"dotm":true,"sw":false,"npd":false,"bg":"#ffffff","bgg":"","overlay":"#222222","overlay_op":0,"headings_cl":"","sst":40,"ssb":40,"sstm":30,"ssbm":30,"hidem":false,"hided":false}},"collection_list2_HnrmQa":{"type":"collection-list2","blocks":{"collection_wADtye":{"type":"collection","settings":{"collection":"asphalt-aura","image":"shopify:\/\/shop_images\/Lucid_Origin_Main_Subject__PoseA_confident_young_woman_in_her__2.jpg","pretitle":"Effortless style","title":"Polo T-Shirt","btntxt":"","url":""}},"collection_9RHJXg":{"type":"collection","settings":{"collection":"asphalt-aura","image":"shopify:\/\/shop_images\/Lucid_Origin_Main_Subject__PoseAn_edgy_yet_refined_young_woman_0.jpg","pretitle":"Crafted from ultra-soft","title":"Crafted from ultra-soft","btntxt":"","url":""}},"collection_RLR88r":{"type":"collection","settings":{"collection":"hoodies","image":"shopify:\/\/shop_images\/Lucid_Origin_Main_Subject__PoseAn_elegant_young_woman_in_her_l_0.jpg","pretitle":"Clean silhouette create a sharp","title":"Classic Cap Hoodie","btntxt":"","url":""}},"collection_RRPBJj":{"type":"collection","settings":{"collection":"asphalt-aura","image":"shopify:\/\/shop_images\/Lucid_Origin_Main_Subject__PoseA_sophisticated_young_woman_in__3.jpg","pretitle":"Detailed animal illustration","title":"Wild Spirit Tee","btntxt":"","url":""}}},"block_order":["collection_wADtye","collection_9RHJXg","collection_RLR88r","collection_RRPBJj"],"name":"Collection List","settings":{"title":"Our Collection","subtitle":"","pretitle_show":true,"italic_fancy_font":false,"enable_design":false,"italic_font_selection":"primary","enable_background":false,"ratio":"150","gspace":15,"gspacem":10,"grid":4,"gridtb":3,"gridmb":1.5,"count":false,"zoom":true,"irad":15,"btn-style":"btn7","btn-size":"btn-sm","text-align":"tl","pfs":13,"pfsm":12,"ft":"ft1","fs":17,"fsm":18,"lh":1.5,"fw":"500","cl":"#ffffff","tbg":"#000000","tbg_op":0,"carousel":true,"loop":false,"autoplay":false,"speed":5,"arrow":true,"arrowm":false,"dot":false,"dotm":false,"sw":false,"npd":true,"bg":"#ffffff","bgg":"","overlay":"#3d4246","overlay_op":1,"headings_cl":"","sst":100,"ssb":100,"sstm":30,"ssbm":30,"hidem":false,"hided":false}},"images_with_text_QzfkVC":{"type":"images-with-text","blocks":{"text_aqy9W4":{"type":"text","settings":{"ttl":"<p>TALK ABOUT YOUR BRANDS<\/p>","htag":"h2","tff":"kug","fs":24,"fsm":18,"fw":"700","lh":1.6,"cl":"#000000","mb":15}},"text_UibMiJ":{"type":"text","settings":{"ttl":"<p>Share information about your brand with your customers. Describe a product, make announcements, or welcome customers to your store.<\/p>","htag":"p","tff":"ft1","fs":14,"fsm":14,"fw":"400","lh":1.6,"cl":"#000000","mb":25}},"button_Dy8nPY":{"type":"button","settings":{"btntxt":"SHOP NOW","url":"\/","newtab1":false,"btntxt1":"","url1":"","newtab2":false,"btn-style":"btn7","btn-style1":"btn1","btn-size":"btn-md","mb":30}}},"block_order":["text_aqy9W4","text_UibMiJ","button_Dy8nPY"],"name":"Images Collage with Text","settings":{"image1":"shopify:\/\/shop_images\/Lucid_Origin_Main_Subject__PoseA_cool_edgy_young_woman_in_her__0.jpg","image2":"shopify:\/\/shop_images\/Lucid_Origin_Main_Subject__PoseA_cool_edgy_young_woman_in_her__2.jpg","image3":"shopify:\/\/shop_images\/Lucid_Origin_Main_Subject__PoseA_cool_edgy_young_woman_in_her__1.jpg","style":"8","brad":10,"img_width":60,"order":"order0","maxwd":400,"lefta":true,"v_pos":"f-aic","sw":true,"npd":false,"bg":"#ffffff","bgg":"","overlay":"#000000","overlay_op":0,"sst":60,"ssb":60,"sstm":25,"ssbm":25,"hidem":false,"hided":false}},"grid_banners_QVmYbU":{"type":"grid-banners","blocks":{"2_AwWJYP":{"type":"2","settings":{"img1":"shopify:\/\/shop_images\/Lucid_Origin_Main_Subject__PoseAn_edgy_yet_refined_young_woman_0.jpg","b1_text1":"LIMITED TIME","b1t1_hide":false,"b1_text2":"FINAL CLEARANCE","b1t2_hide":false,"b1_text3":"","b1t3_hide":true,"link1":"","b1_ta":false,"b1_tp":"text_bc f-jcc f-aie","b1_txt":"#ffffff","b1_bg":"#ff8fab","b1_bgo":0.7,"b1_bgr":0,"b1tpd":30,"img2":"shopify:\/\/shop_images\/Lucid_Origin_Main_Subject__PoseAn_elegant_young_woman_in_her_l_0.jpg","b2_text1":"SUMMER 2025","b2_text2":"NEW COLLECTION","b2_text3":"","link2":"","b2_ta":false,"b2_tp":"text_bc f-jcc f-aie","b2t1_hide":false,"b2t2_hide":false,"b2t3_hide":false,"b2_txt":"#ffffff","b2_bg":"#a4ac86","b2_bgo":0.7,"b2_bgr":15,"b2tpd":30,"img3":"shopify:\/\/shop_images\/Lucid_Origin_Main_Subject__PoseA_cool_edgy_young_woman_in_her__2.jpg","b3_text1":"ITALIAN COLLECTION","b3_text2":"BEST SELLER","b3_text3":"","link3":"","b3_ta":false,"b3_tp":"text_bc f-jcc f-aie","b3t1_hide":true,"b3t2_hide":true,"b3t3_hide":true,"b3_txt":"#ffffff","b3_bg":"#ff8fab","b3_bgo":0.7,"b3_bgr":0,"b3tpd":30}}},"block_order":["2_AwWJYP"],"name":"Grid Banners","settings":{"title":"","subtitle":"","zoom":true,"brad":0,"tfs":13,"tfsm":13,"tfw":"400","tfs2":23,"tfsm2":18,"tfw2":"600","tfs3":16,"tfsm3":14,"tfw3":"600","sw":false,"npd":false,"bg":"#ffffff","bgg":"","overlay":"#3d4246","overlay_op":0,"headings_cl":"","sst":40,"ssb":40,"sstm":15,"ssbm":15,"hidem":false,"hided":false}},"image_scrolling_bLXUjn":{"type":"image-scrolling","blocks":{"row_Nn3HV4":{"type":"row","settings":{"image":"shopify:\/\/shop_images\/Lucid_Origin_exquisite_high_fashion_photography_of_Highquality_0.jpg","layout":"left","bnrwd":50,"cwd":500,"txtbg":"#ffffff","bgg":"","talign":"tl","txtpd":false,"titles":"ADD A TAGLINE","scl":"#000000","sfs":12,"sfw":"500","title":"Spring Summer New Arrival","htag":"h2","tff":"ft1","fs":24,"fsm":20,"fw":"500","lh":1.3,"cl":"#000000","tmb":15,"tmbm":10,"text":"<p>Pair large text with an image to give focus to your chosen product, collection, or blog post. Add details on availability, style, or even provide a review.<\/p>","tfs":14,"tfsm":13,"tlh":1.6,"tcl":"#666666","txtmb":25,"txtmbm":20,"btn":"SHOP NOW","link":"\/","btn-style":"btn7","btn-size":"btn-md"}},"row_n4FzVY":{"type":"row","settings":{"image":"shopify:\/\/shop_images\/Lucid_Origin_exquisite_high_fashion_photography_of_Cinematic_f_0.jpg","layout":"left","bnrwd":50,"cwd":500,"txtbg":"#ffe5ec","bgg":"","talign":"tl","txtpd":false,"titles":"ADD A TAGLINE","scl":"#000000","sfs":12,"sfw":"500","title":"Spring Summer New Arrival","htag":"h2","tff":"ft1","fs":24,"fsm":20,"fw":"500","lh":1.3,"cl":"#000000","tmb":15,"tmbm":10,"text":"<p>Pair large text with an image to give focus to your chosen product, collection, or blog post. Add details on availability, style, or even provide a review.<\/p>","tfs":14,"tfsm":13,"tlh":1.6,"tcl":"#666666","txtmb":25,"txtmbm":20,"btn":"SHOP NOW","link":"\/","btn-style":"btn7","btn-size":"btn-md"}},"row_3Q8Tmz":{"type":"row","settings":{"image":"shopify:\/\/shop_images\/Lucid_Origin_A_stylish_young_man_wearing_a_lightweight_tshirt__0.jpg","layout":"left","bnrwd":50,"cwd":500,"txtbg":"#ffffff","bgg":"","talign":"tl","txtpd":false,"titles":"ADD A TAGLINE","scl":"#000000","sfs":12,"sfw":"500","title":"Spring Summer New Arrival","htag":"h2","tff":"ft1","fs":24,"fsm":20,"fw":"500","lh":1.3,"cl":"#000000","tmb":15,"tmbm":10,"text":"<p>Pair large text with an image to give focus to your chosen product, collection, or blog post. Add details on availability, style, or even provide a review.<\/p>","tfs":14,"tfsm":13,"tlh":1.6,"tcl":"#666666","txtmb":25,"txtmbm":20,"btn":"SHOP NOW","link":"\/","btn-style":"btn7","btn-size":"btn-md"}}},"block_order":["row_Nn3HV4","row_n4FzVY","row_3Q8Tmz"],"name":"Scrolling Images","settings":{"brad":0,"sw":false,"npd":true,"sst":40,"ssb":40,"sstm":15,"ssbm":15,"hidem":false,"hided":false}},"scrolling_parallex_MYkDBg":{"type":"scrolling-parallex","blocks":{"parallax_content_iNFEaQ":{"type":"parallax_content","settings":{"bg_image":"shopify:\/\/shop_images\/Lucid_Origin_A_confident_young_man_wearing_a_plain_white_tshir_2.jpg","heading":"Casual Collection","subheading":"<p>Comfortable, everyday T-shirts that fit effortlessly into your style.<\/p>","show_view_all":"View All","collection":"asphalt-aura","show_overlay":true,"overlay_color":"#000000","overlay_opacity":0.5,"height":400,"parallax_speed":0.1,"text_align":"left","max_width":600,"margin_top":0,"margin_bottom":0,"padding_x":20,"heading_color":"#ffffff","heading_size":48,"heading_weight":"700","heading_line_height":1.2,"heading_margin":20,"sub_color":"#ffffff","sub_size":18,"sub_weight":"400","sub_line_height":1.5}}},"block_order":["parallax_content_iNFEaQ"],"name":"Polo","settings":{"title":"","subtitle":"","align_items":"center","justify_content":"center","elg":false,"enable_bg_text":true,"italic_font_selection":"primary","collection":"polo-t-shirt","prbox_style":"grid_1","show_color_swatch":true,"show_vendor":false,"grid":4,"gridtb":3,"gridmb":1.4,"rows":5,"show_view_all":"","btn-style":"btn1","btn-size":"btn-md","carousel":false,"loop":false,"autoplay":false,"speed":5,"arrow":true,"arrowm":false,"dot":false,"dotm":true,"sw":true,"npd":false,"bg":"#ffffff","bgg":"","overlay":"#000000","overlay_op":0,"headings_cl":"","sst":40,"ssb":40,"sstm":40,"ssbm":40,"hidem":false,"hided":false}},"scrolling_parallex_7XDyXN":{"type":"scrolling-parallex","blocks":{"parallax_content_Jh9RJf":{"type":"parallax_content","settings":{"bg_image":"shopify:\/\/shop_images\/Lucid_Origin_A_confident_young_slender_person_wearing_a_plain__0_3_2835cf06-48eb-40a7-8895-20f89cfd54eb.jpg","heading":"Classic Hoodie","subheading":"<p>Make a statement with bold designs and eye-catching prints.<\/p>","show_view_all":"View All","collection":"hoodies","show_overlay":true,"overlay_color":"#000000","overlay_opacity":0.5,"height":400,"parallax_speed":0.1,"text_align":"left","max_width":600,"margin_top":0,"margin_bottom":0,"padding_x":20,"heading_color":"#ffffff","heading_size":48,"heading_weight":"700","heading_line_height":1.2,"heading_margin":20,"sub_color":"#ffffff","sub_size":18,"sub_weight":"400","sub_line_height":1.5}},"scroll_text_top_7zHFVE":{"type":"scroll_text_top","settings":{"text":"PREMIUM QUALITY","show_icon":true,"icon_path":"M12 2l3.09 6.26L22 9.27l-5 4.87 1.18 6.88L12 17.77l-6.18 3.25L7 14.14 2 9.27l6.91-1.01L12 2z","location":20,"rotate":2,"overlay_enable":true,"duplicates":15,"text_color":"#ffffff","bg_color":"#b90000","icon_color":"#ffffff","font_size":16,"icon_size":18,"rotation":0,"speed":25,"padding":15,"gap":40,"text_gap":12,"spacing":40,"font_weight":"500"}}},"block_order":["parallax_content_Jh9RJf","scroll_text_top_7zHFVE"],"name":"Graphic Tees","settings":{"title":"","subtitle":"","align_items":"center","justify_content":"center","elg":false,"enable_bg_text":true,"italic_font_selection":"primary","collection":"hoodies","prbox_style":"grid_1","show_color_swatch":true,"show_vendor":false,"grid":4,"gridtb":3,"gridmb":1.4,"rows":5,"show_view_all":"","btn-style":"btn1","btn-size":"btn-md","carousel":false,"loop":false,"autoplay":false,"speed":5,"arrow":true,"arrowm":false,"dot":false,"dotm":true,"sw":true,"npd":false,"bg":"#ffffff","bgg":"","overlay":"#000000","overlay_op":0,"headings_cl":"","sst":60,"ssb":60,"sstm":40,"ssbm":40,"hidem":false,"hided":false}},"scrolling_parallex_wTgqNQ":{"type":"scrolling-parallex","blocks":{"parallax_content_zmjxpn":{"type":"parallax_content","settings":{"bg_image":"shopify:\/\/shop_images\/Lucid_Origin_A_confident_young_slender_person_wearing_a_plain__1_2.jpg","heading":"Premium Collection","subheading":"<p>Crafted from the finest fabrics for unmatched quality and style.<\/p>","show_view_all":"View All","collection":"asphalt-aura","show_overlay":true,"overlay_color":"#000000","overlay_opacity":0.2,"height":400,"parallax_speed":0.1,"text_align":"left","max_width":600,"margin_top":0,"margin_bottom":0,"padding_x":20,"heading_color":"#ffffff","heading_size":48,"heading_weight":"700","heading_line_height":1.2,"heading_margin":20,"sub_color":"#ffffff","sub_size":18,"sub_weight":"400","sub_line_height":1.5}}},"block_order":["parallax_content_zmjxpn"],"name":"Heading Cursed","settings":{"title":"","subtitle":"","align_items":"center","justify_content":"center","elg":false,"enable_bg_text":true,"italic_font_selection":"primary","collection":"asphalt-aura","prbox_style":"grid_1","show_color_swatch":true,"show_vendor":false,"grid":4,"gridtb":3,"gridmb":1.4,"rows":5,"show_view_all":"","btn-style":"btn1","btn-size":"btn-md","carousel":false,"loop":false,"autoplay":false,"speed":5,"arrow":true,"arrowm":false,"dot":false,"dotm":true,"sw":true,"npd":false,"bg":"#ffffff","bgg":"","overlay":"#000000","overlay_op":0,"headings_cl":"","sst":60,"ssb":60,"sstm":40,"ssbm":40,"hidem":false,"hided":false}},"scroll_section_banner_F3BPpJ":{"type":"scroll-section-banner","name":"Scrolled Images Banner","settings":{"heading":"Unmatched Elegance","subheading":"<p>Explore our curated selection of premium products, thoughtfully designed to elevate your everyday life. Each piece blends style, comfort, and functionality for a seamless experience. Crafted with precision and care, our collection ensures durability and lasting value. Discover quality you can trust in every detail.<\/p>","show_view_all":"","collection":"","image_1":"shopify:\/\/shop_images\/Lucid_Origin_A_confident_young_man_wearing_a_plain_white_tshir_2_upscayl_4x_upscayl-standard-4x.jpg","image_2":"shopify:\/\/shop_images\/Lucid_Origin_Ultrarealistic_highly_detailed_fashion_photoshoot_3_upscayl_4x_upscayl-standard-4x.jpg","image_3":"shopify:\/\/shop_images\/Lucid_Origin_Ultrarealistic_fashion_catalog_photoshoot_in_a_wa_1.jpg","image_4":"shopify:\/\/shop_images\/Lucid_Origin_Ultrarealistic_fashion_catalog_photoshoot_in_a_wa_0.jpg","image_5":"shopify:\/\/shop_images\/Lucid_Realism_A_side_profile_shot_at_eye_level_the_young_man_s_2_dc34fb08-082e-47b9-b769-37a7e84ae34c.jpg","media_height":"media--700px","fs":14,"fsm":12,"fw":"600","cl":"#000000","bcl":"#000000","bd":"#eeeeee","fbg":"#f4f4f4","sw":true,"npd":true,"sst":0,"ssb":80,"sstm":15,"ssbm":30,"bg":"","parallax_speed":1.5,"spacing_top_desktop":80,"spacing_top_mobile":20,"animate_delay_base":250,"animate_delay_increment":30}},"instagram_rich_text_Jj4KMz":{"type":"instagram-rich-text","blocks":{"heading_rR4BJm":{"type":"heading","settings":{"heading":"@Teevore.official","grid_position":"1","grid_alignment":"left","cl":"#222222","fs":28,"fsm":24,"fw":700,"lh":1.2,"mb":20,"tff":"font1"}},"text_gncQPA":{"type":"text","settings":{"text":"<ul><li>🧢 Bold | Urban | Real<\/li><li>🖤 Limited Drops | Premium Tees<\/li><li>🎯 Designed for the streets, worn by icons<\/li><li>📦 Shipping PAN... more<\/li><\/ul>","grid_position":"5","grid_alignment":"left","cl":"#222222","fs":13,"fsm":12,"fw":400,"lh":1.5,"mb":0,"image_enable":true,"image":"shopify:\/\/shop_images\/favi_icon_logo.png","image_type":"svg","svg_code":"<svg width=\"74\" height=\"82\" viewbox=\"0 0 74 82\" fill=\"none\" xmlns=\"https:\/\/www.w3.org\/2000\/svg\">\n<g clip-path=\"url(#clip0_354_33340)\">\n<path d=\"M63.4061 28.191C65.2899 27.9648 67.2416 27.3239 69.1351 27.192C69.9022 27.1354 74.2232 26.8432 73.1163 28.0779C72.6696 28.568 67.4358 30.3777 66.2998 30.8678C63.0954 32.2722 60.0173 34.063 56.6576 35.0809C41.3932 33.5352 26.0998 32.2439 10.7577 31.6218L10.379 31.2543C10.3499 28.0402 10.8063 24.8262 11.1073 21.631C11.2918 19.6234 11.1073 17.2389 11.6899 15.2595C12.1657 13.6572 16.778 7.00299 18.1569 6.18299C24.6044 3.97747 31.0714 1.6023 37.6937 0C42.8595 2.27149 50.3945 3.41195 55.2108 6.05103C57.0363 7.05011 61.4253 13.3933 62.1438 15.4198C63.5227 19.3218 63.4061 24.1099 63.4158 28.1816L63.4061 28.191Z\" fill=\"#222222\"><\/path>\n<path d=\"M42.617 54.4408C44.0444 54.8555 41.7237 56.5992 41.209 56.9197C43.4715 57.2307 44.3066 56.5615 45.229 54.6953C48.8995 53.9884 56.7258 53.7905 58.93 50.4728C59.5612 49.5114 61.2993 42.433 61.3479 41.1606C61.3964 39.9542 60.94 38.71 60.0953 37.8523C61.6683 37.8523 63.6589 34.7891 64.7464 37.4188C65.0377 38.1257 64.7756 40.9815 64.6493 41.9052C64.2998 44.5254 62.4451 50.19 60.6002 52.0939C59.7554 52.9611 58.0367 53.9224 56.7938 53.9696C55.9976 57.4004 57.2113 61.6323 55.9587 64.9218C55.2111 66.8822 49.0548 74.3847 47.3264 76.3546C44.6464 79.4273 43.1996 80.8411 38.7815 81.1898C34.8586 81.5008 29.2267 81.482 26.1777 78.8146C22.3811 75.4781 19.0019 69.2197 15.4772 65.4213C14.1372 61.7926 14.8751 57.8716 14.6324 54.1015C13.8264 53.5077 13.0885 53.3758 12.234 52.716C9.7676 50.7932 8.21397 45.8167 7.60224 42.8477C7.31093 41.4528 6.28168 37.5036 7.84499 36.7873C9.40832 36.0709 10.1366 37.9466 11.6125 37.8429L11.3601 32.8946L53.4535 36.8627C53.5118 37.2962 52.8709 37.0983 52.5602 37.1077C41.8596 37.5319 30.858 36.7401 20.138 37.0983C18.4193 37.1549 15.953 37.202 14.3119 37.3811C11.1173 37.7392 10.8066 39.0211 11.1561 41.8769C11.3795 43.696 12.5156 47.8243 13.1953 49.5585C14.1566 51.9903 16.6035 52.716 18.9922 53.3381C20.5361 53.7434 26.6438 54.4031 27.275 54.9592C27.6245 55.2703 27.7799 55.9677 28.1974 56.2976C28.9354 56.8914 30.5958 57.1176 31.4989 56.8066C30.6056 55.9866 29.5374 55.8923 29.4598 54.4503H42.5976L42.617 54.4408ZM26.9254 62.6126C27.9935 65.3553 30.557 66.3732 33.4215 66.5806C37.0919 66.8539 42.0538 66.7126 43.7628 62.9801C43.7337 62.6031 39.7331 61.3873 39.0534 61.359C37.8105 61.3024 37.0531 61.868 35.985 61.8962C34.4605 61.9339 33.1593 61.1893 31.4115 61.4061C29.9647 61.5852 28.4985 62.7257 26.9254 62.622V62.6126Z\" fill=\"#222222\"><\/path>\n<\/g>\n<defs>\n<clippath id=\"clip0_354_33340\">\n<rect width=\"67\" height=\"82\" fill=\"white\" transform=\"translate(7)\"><\/rect>\n<\/clippath>\n<\/defs>\n<\/svg>","enable_border":true,"image_width":100,"image_height":100}},"button_zNhxrQ":{"type":"button","settings":{"btntxt":"Follow Us","url":"shopify:\/\/collections","btn-style":"btn7","btn-size":"btn-lg","grid_position":"5","grid_alignment":"right","btn_style":"btn-primary","btn_size":"btn-small","justify_content":"center","newtab":false}}},"block_order":["heading_rR4BJm","text_gncQPA","button_zNhxrQ"],"name":"Instagram Richtext","settings":{"grid_columns":"2","grid_rows":"3","gap_direction":0,"align_items":"center","max_width":1400,"show_column_bg":false,"enable_left_border":false,"border_thickness":2,"border_color":"#222222","tagg":"fl","lefta":true,"italic_fancy_font":false,"italic_font_selection":"primary","bg":"#ffffff","bgg":"#ffffff","overlay":"#2222224d","overlay_op":0.3,"ganim":false,"sst":60,"ssb":0,"sstm":20,"ssbm":15,"sw":true,"maxwd":100,"left_align":true,"hidem":false,"hided":false,"animsp":1,"btn_bg_color":"#007bff","btn_text_color":"#ffffff","image_border_radius":25,"image_wrapper_width":60,"image_wrapper_height":60,"image_block_margin":20}},"17560723172aa8b94e":{"type":"apps","blocks":{"gsc_instagram_feed_instafeed_yBYVCM":{"type":"shopify:\/\/apps\/gsc-instagram-feed\/blocks\/instafeed\/96970b1b-b770-454f-b16b-51f47e1aa4ed","settings":{"widget_id":"GSC-MvpNSQfgNXvTlAy"}}},"block_order":["gsc_instagram_feed_instafeed_yBYVCM"],"settings":{"sst":30,"ssb":30,"sstm":15,"ssbm":15,"bg":"","sw":false}},"faq_xWdtzc":{"type":"faq","blocks":{"faqs_zdgkUh":{"type":"faqs","settings":{"title":"What sizes are available for Teevore T-shirts?","answer":"<p>Our T-shirts are available in sizes XS to XXL. Please refer to the size guide on each product page for exact measurements.<\/p>","open":false}},"faqs_peYFpG":{"type":"faqs","settings":{"title":"What material are your T-shirts made from?","answer":"<p>Teevore T-shirts are made from 100% premium cotton, offering a soft, breathable, and long-lasting wear.<\/p>","open":false}},"faqs_byGbBy":{"type":"faqs","settings":{"title":"How should I wash and care for my T-shirt?","answer":"<p>We recommend machine washing cold with like colors and tumble drying on low. Avoid bleach and ironing directly on prints.<\/p>","open":false}},"faqs_XUEJpp":{"type":"faqs","settings":{"title":"Do you offer international shipping?","answer":"<p>Yes, Teevore ships worldwide. Shipping rates and delivery times vary based on your location.<\/p>","open":false}},"faqs_EkUkYh":{"type":"faqs","settings":{"title":"Can I return or exchange my T-shirt?","answer":"<p>Yes, we offer a 7-day return and exchange policy on unused items with original packaging and tags.<\/p>","open":false}},"faqs_D4K4Qm":{"type":"faqs","settings":{"title":"How long does delivery take?","answer":"<p>Orders are typically delivered within 3-7 business days in India, and 7-15 business days internationally.<\/p>","open":false}},"newsletter_LFai7W":{"type":"newsletter","disabled":true,"settings":{"title":"","subtitle":"Sign up to stay in the loop. Receive updates,<br> access to exclusive deals, and more.","style":"1","fs":22,"fsm":18,"fst":14,"fstm":13,"cl":"#000000","tf_bg":"#eeeeee","tf_txt":"#000000","btncl":"#ffffff","btnbg":"#000000","btnclh":"#ffffff","btnbgh":"#86bbbf","sw":true,"npd":true,"bg":"#222222","bgg":"","overlay":"#3d4246","overlay_op":0,"headings_cl":"","sst":40,"ssb":40,"sstm":15,"ssbm":15,"hidem":false,"hided":false}}},"block_order":["faqs_zdgkUh","faqs_peYFpG","faqs_byGbBy","faqs_XUEJpp","faqs_EkUkYh","faqs_D4K4Qm","newsletter_LFai7W"],"name":"FAQs","settings":{"title":"Need Help? Start Here","subtitle":"Answers to common questions about our T-shirts, shipping, and returns.","enable_small_card":true,"enable_faq_only":true,"italic_font_selection":"secondary","page_width":2000,"accor":true,"acc_style":"1","tcl":"#ffffff","tfs":15,"tfsm":14,"tfw":"500","qu":"#ffffff","fs":13,"fsm":12,"fw":"400","an":"#ffffff","fst":13,"fsmt":13,"bdr":"#535353","links":false,"lfs":14,"lfsm":19,"lfw":"500","lcl":"#222222","lclh":"#222222","lbg":"#222222","lbd":"#acacac","sw":true,"bg":"#222222","bgg":"","overlay":"#3d4246","overlay_op":0,"headings_cl":"","sst":60,"ssb":40,"sstm":40,"ssbm":40,"hidem":false,"hided":false}}},"order":["breadcrumb","slideshow_ciBABf","image_masked_heading_8M7Efz","product_slider_dVbVWg","product_slider_tDUzPb","collection_list2_HnrmQa","images_with_text_QzfkVC","grid_banners_QVmYbU","image_scrolling_bLXUjn","scrolling_parallex_MYkDBg","scrolling_parallex_7XDyXN","scrolling_parallex_wTgqNQ","scroll_section_banner_F3BPpJ","instagram_rich_text_Jj4KMz","17560723172aa8b94e","faq_xWdtzc"]}