{"sections":{"slideshow_9343dN":{"type":"slideshow","blocks":{"image_rEiCAb":{"type":"image","settings":{"image":"shopify:\/\/shop_images\/Lucid_Origin_A_confident_young_man_wearing_a_plain_black_tshir_0_9bdbce39-505d-467e-9686-85edf248644a.jpg","ovr":"#000000","ovropt":0,"pcl":"#ffffff","hd1":"Effortless Style for Every Day","pff":"ft1","pfs":14,"pfsm":14,"pfw":"600","plh":1.2,"pmb":5,"pmbm":5,"title":"Confident & Casual","htag":"h2","tff":"ft1","tfs":60,"tfsm":28,"tfw":"600","tlh":1.5,"to":1,"tmb":10,"tmbm":5,"hd3":"Discover the perfect blend of comfort and confidence with our premium plain black t-shirt.","hideh3":true,"ff":"ft1","fs":13,"fsm":12,"fw":"400","lh":1.2,"mb":25,"mbm":15,"btn":"Shop now","link":"","newtab":false,"display_btn":false,"btn2":"Shop now","link2":"","newtab1":false,"contwd":1400,"twd":900,"text-left":true,"txtpos":"f-aic-md f-jcs-md","txtposm":"f-jcc f-aie tc","isbox":false,"isboxm":false,"tbg":"#ffffff","opt":0.9,"brad":0}},"image_bK4Ejx":{"type":"image","settings":{"image":"shopify:\/\/shop_images\/Lucid_Origin_A_confident_young_man_wearing_a_plain_red_hoodie__2.jpg","ovr":"#000000","ovropt":0,"pcl":"#ffffff","hd1":"Effortless Style for Every Day","pff":"ft1","pfs":14,"pfsm":14,"pfw":"600","plh":1.2,"pmb":5,"pmbm":5,"title":"Confident & Casual","htag":"h2","tff":"ft1","tfs":60,"tfsm":28,"tfw":"600","tlh":1.5,"to":1,"tmb":10,"tmbm":5,"hd3":"Discover the perfect blend of comfort and confidence with our premium plain black t-shirt.","hideh3":true,"ff":"ft1","fs":13,"fsm":12,"fw":"400","lh":1.2,"mb":25,"mbm":15,"btn":"Shop now","link":"","newtab":false,"display_btn":false,"btn2":"Shop now","link2":"","newtab1":false,"contwd":1400,"twd":900,"text-left":true,"txtpos":"f-aic-md f-jcs-md","txtposm":"f-jcc f-aie tc","isbox":false,"isboxm":false,"tbg":"#ffffff","opt":0.9,"brad":0}},"image_Rz4cad":{"type":"image","settings":{"image":"shopify:\/\/shop_images\/Lucid_Origin_A_confident_young_man_wearing_a_plain_white_tshir_2.jpg","ovr":"#000000","ovropt":0,"pcl":"#ffffff","hd1":"Effortless Style for Every Day","pff":"ft1","pfs":14,"pfsm":14,"pfw":"600","plh":1.2,"pmb":5,"pmbm":5,"title":"Confident & Casual","htag":"h2","tff":"ft1","tfs":60,"tfsm":28,"tfw":"600","tlh":1.5,"to":1,"tmb":10,"tmbm":5,"hd3":"Discover the perfect blend of comfort and confidence with our premium plain black t-shirt.","hideh3":true,"ff":"ft1","fs":13,"fsm":12,"fw":"400","lh":1.2,"mb":25,"mbm":15,"btn":"Shop now","link":"","newtab":false,"display_btn":false,"btn2":"Shop now","link2":"","newtab1":false,"contwd":1400,"twd":900,"text-left":true,"txtpos":"f-aic-md f-jcs-md","txtposm":"f-jcc f-aie tc","isbox":false,"isboxm":false,"tbg":"#ffffff","opt":0.9,"brad":0}},"image_6KdFG7":{"type":"image","settings":{"image":"shopify:\/\/shop_images\/Lucid_Origin_A_young_man_stands_outdoors_in_a_quiet_natural_se_3.jpg","ovr":"#ffffff","ovropt":0,"pcl":"#ffffff","hd1":"Elevate Your Everyday Look","pff":"ft1","pfs":14,"pfsm":14,"pfw":"600","plh":1.2,"pmb":5,"pmbm":5,"title":"Classic Polo, Modern Fit","htag":"h2","tff":"ft1","tfs":60,"tfsm":28,"tfw":"600","tlh":1.2,"to":1,"tmb":10,"tmbm":5,"hd3":"Step up your casual wardrobe with our sleek gray polo shirt featuring subtle check patterns.","hideh3":true,"ff":"ft1","fs":13,"fsm":12,"fw":"400","lh":1.2,"mb":25,"mbm":15,"btn":"Shop now","link":"","newtab":false,"display_btn":false,"btn2":"Shop now","link2":"","newtab1":false,"contwd":1400,"twd":900,"text-left":true,"txtpos":"f-aic-md f-jcs-md","txtposm":"f-jcc f-aie tc","isbox":false,"isboxm":false,"tbg":"#ffffff","opt":0.9,"brad":0}},"image_WAwHJV":{"type":"image","settings":{"image":"shopify:\/\/shop_images\/Banner_0005.jpg","ovr":"#000000","ovropt":0,"pcl":"#ffffff","hd1":"Natural Vibes, Timeless Comfort","pff":"ft1","pfs":14,"pfsm":17,"pfw":"300","plh":1.2,"pmb":5,"pmbm":5,"title":"Tees for Nature Lovers","htag":"h2","tff":"ft1","tfs":60,"tfsm":28,"tfw":"600","tlh":1.2,"to":1,"tmb":10,"tmbm":5,"hd3":"Embrace the calm of nature with our breathable brown tee.","hideh3":true,"ff":"ft2","fs":13,"fsm":12,"fw":"400","lh":1.2,"mb":25,"mbm":15,"btn":"Shop now","link":"","newtab":false,"display_btn":false,"btn2":"Shop now","link2":"","newtab1":false,"contwd":1400,"twd":900,"text-left":true,"txtpos":"f-aic-md f-jcs-md","txtposm":"f-jcc f-aie tc","isbox":false,"isboxm":false,"tbg":"#ffffff","opt":0.9,"brad":0}}},"block_order":["image_rEiCAb","image_bK4Ejx","image_Rz4cad","image_6KdFG7","image_WAwHJV"],"custom_css":[".slideshow .swiper-pagination-bullets {position: absolute; bottom: 0; width: 100%; z-index: 2; margin-bottom: 25px;}"],"name":"Carousel","settings":{"ht":"2","htd":800,"htt":600,"htm":500,"section_width":false,"box-width":1800,"sbrad":25,"fade":true,"loop":true,"autoplay":true,"speed":5,"arrow":true,"arrowm":false,"arrowc":"#ffffff","arrowbg":"rgba(0,0,0,0)","dot":true,"dotm":true,"dots":"#dddddd","imganim":true,"txtanimation":true,"animation-style":"st3","sw":true,"sst":0,"ssb":50,"sstm":0,"ssbm":25,"hidem":false,"hided":false}},"richtext_v2_maBnQ4":{"type":"richtext-v2","blocks":{"heading_bWTwpy":{"type":"heading","settings":{"heading":"<h1><em>Fashion with a Statement<\/em><\/h1>","grid_position":"1","grid_alignment":"center","cl":"#222222","lh":1.3,"mb":20,"tff":""}},"text_QqU6ig":{"type":"text","settings":{"text":"<p> Teevore is where fashion meets fearless expression. From zodiac drops to savage one-liners, our tees are made to turn heads and spark conversations. No filters, no fluff — just raw personality in every thread. Ready to wear what you actually think?<\/p>","grid_position":"9","grid_alignment":"center","cl":"#222222","fs":13,"fsm":12,"fw":400,"lh":1.5,"mb":20,"image_enable":true,"image_type":"image","svg_code":"","image_width":100,"image_height":100}}},"block_order":["heading_bWTwpy","text_QqU6ig"],"custom_css":[],"name":"Rich Text","settings":{"grid_columns":"1","grid_rows":"1","gap_direction":0,"align_items":"center","max_width":1200,"show_column_bg":false,"enable_left_border":false,"border_thickness":1,"border_color":"#222222","tagg":"tc","lefta":false,"enable_fancy":true,"italic_fancy_font":true,"italic_font_selection":"secondary","bg":"#ffffff","bgg":"","overlay":"#222222","overlay_op":0,"ganim":true,"sst":60,"ssb":60,"sstm":40,"ssbm":40,"sw":true,"maxwd":100,"left_align":true,"hidem":false,"hided":false,"animsp":1,"btn_bg_color":"#007bff","btn_text_color":"#ffffff","image_border_radius":25,"image_wrapper_width":60,"image_wrapper_height":60,"image_block_margin":20}},"product_slider_AJHwjn":{"type":"product-slider","custom_css":[],"name":"New Arrivals","settings":{"title":"New Arrivals!","subtitle":"Explore the latest trends and timeless classics","align_items":"start","justify_content":"start","elg":false,"italic_font_selection":"secondary","collection":"asphalt-aura","prbox_style":"grid_1","show_color_swatch":true,"show_vendor":false,"grid":4,"gridtb":3,"gridmb":1.5,"rows":50,"show_view_all":"View all","btn-style":"btnLink","btn-size":"btn-md","carousel":false,"loop":false,"autoplay":false,"speed":5,"arrow":true,"arrowm":false,"dot":true,"dotm":true,"sw":false,"npd":false,"bg":"#ffffff","bgg":"","overlay":"#222222","overlay_op":0,"headings_cl":"","sst":40,"ssb":40,"sstm":30,"ssbm":30,"hidem":false,"hided":false}},"product_slider_YDUKFX":{"type":"product-slider","name":"Best Sellers","settings":{"title":"Best Seller","subtitle":"Explore the latest trends and timeless classics","align_items":"start","justify_content":"start","elg":false,"italic_font_selection":"secondary","collection":"long-sleeve-streetwear","prbox_style":"grid_1","show_color_swatch":true,"show_vendor":false,"grid":4,"gridtb":3,"gridmb":1.5,"rows":50,"show_view_all":"View all","btn-style":"btnLink","btn-size":"btn-md","carousel":false,"loop":false,"autoplay":false,"speed":5,"arrow":true,"arrowm":false,"dot":true,"dotm":true,"sw":false,"npd":false,"bg":"#ffffff","bgg":"","overlay":"#222222","overlay_op":0,"headings_cl":"","sst":40,"ssb":40,"sstm":30,"ssbm":30,"hidem":false,"hided":false}},"collection_list2_Nhz7Qe":{"type":"collection-list2","blocks":{"collection_w8NnxD":{"type":"collection","settings":{"collection":"asphalt-aura","image":"shopify:\/\/shop_images\/Lucid_Origin_Ultrarealistic_highly_detailed_fashion_photoshoot_3_upscayl_4x_upscayl-standard-4x.jpg","pretitle":"Effortless style","title":"Polo T-Shirt","btntxt":"","url":""}},"collection_Cic678":{"type":"collection","settings":{"collection":"asphalt-aura","image":"shopify:\/\/shop_images\/Lucid_Origin_Ultrarealistic_fashion_catalog_photoshoot_in_a_wa_0.jpg","pretitle":"Crafted from ultra-soft","title":"Crafted from ultra-soft","btntxt":"","url":""}},"collection_VLELhA":{"type":"collection","settings":{"collection":"hoodies","image":"shopify:\/\/shop_images\/Lucid_Origin_Ultrarealistic_fashion_catalog_photoshoot_in_a_wa_1.jpg","pretitle":"Clean silhouette create a sharp","title":"Classic Cap Hoodie","btntxt":"","url":""}},"collection_Xy7CHN":{"type":"collection","settings":{"collection":"asphalt-aura","image":"shopify:\/\/shop_images\/Lucid_Origin_A_confident_young_man_wearing_a_plain_white_tshir_2_upscayl_4x_upscayl-standard-4x.jpg","pretitle":"Detailed animal illustration","title":"Wild Spirit Tee","btntxt":"","url":""}}},"block_order":["collection_w8NnxD","collection_Cic678","collection_VLELhA","collection_Xy7CHN"],"name":"Collection List","settings":{"title":"Our Collection","subtitle":"","italic_fancy_font":false,"italic_font_selection":"primary","enable_background":false,"ratio":"150","gspace":15,"gspacem":10,"grid":4,"gridtb":3,"gridmb":1.5,"count":false,"zoom":true,"irad":15,"btn-style":"btn7","btn-size":"btn-sm","text-align":"tl","pfs":14,"pfsm":14,"ft":"ft1","fs":20,"fsm":18,"lh":1.5,"fw":"500","cl":"#ffffff","tbg":"#000000","tbg_op":0,"carousel":true,"loop":false,"autoplay":false,"speed":5,"arrow":true,"arrowm":false,"dot":false,"dotm":false,"sw":true,"npd":false,"bg":"#ffffff","bgg":"","overlay":"#3d4246","overlay_op":1,"headings_cl":"","sst":40,"ssb":40,"sstm":30,"ssbm":30,"hidem":false,"hided":false}},"scrolling_parallex_rkz8YK":{"type":"scrolling-parallex","blocks":{"parallax_content_cdpCdP":{"type":"parallax_content","settings":{"bg_image":"shopify:\/\/shop_images\/Lucid_Origin_A_confident_young_man_wearing_a_plain_white_tshir_2.jpg","heading":"Casual Collection","subheading":"<p>Comfortable, everyday T-shirts that fit effortlessly into your style.<\/p>","show_view_all":"View All","collection":"asphalt-aura","show_overlay":true,"overlay_color":"#000000","overlay_opacity":0.5,"height":400,"parallax_speed":0.1,"text_align":"left","max_width":600,"margin_top":0,"margin_bottom":0,"padding_x":20,"heading_color":"#ffffff","heading_size":48,"heading_weight":"700","heading_line_height":1.2,"heading_margin":20,"sub_color":"#ffffff","sub_size":18,"sub_weight":"400","sub_line_height":1.5}}},"block_order":["parallax_content_cdpCdP"],"name":"Polo","settings":{"title":"","subtitle":"","align_items":"center","justify_content":"center","elg":false,"enable_bg_text":true,"italic_font_selection":"primary","collection":"polo-t-shirt","prbox_style":"grid_1","show_color_swatch":true,"show_vendor":false,"grid":4,"gridtb":3,"gridmb":1.4,"rows":5,"show_view_all":"","btn-style":"btn1","btn-size":"btn-md","carousel":false,"loop":false,"autoplay":false,"speed":5,"arrow":true,"arrowm":false,"dot":false,"dotm":true,"sw":false,"npd":false,"bg":"#ffffff","bgg":"","overlay":"#000000","overlay_op":0,"headings_cl":"","sst":40,"ssb":40,"sstm":40,"ssbm":40,"hidem":false,"hided":false}},"scrolling_parallex_gNkwXJ":{"type":"scrolling-parallex","blocks":{"parallax_content_AiqhM4":{"type":"parallax_content","settings":{"bg_image":"shopify:\/\/shop_images\/Lucid_Origin_A_confident_young_slender_person_wearing_a_plain__0_3_2835cf06-48eb-40a7-8895-20f89cfd54eb.jpg","heading":"Classic Hoodie","subheading":"<p>Make a statement with bold designs and eye-catching prints.<\/p>","show_view_all":"View All","collection":"hoodies","show_overlay":true,"overlay_color":"#000000","overlay_opacity":0.5,"height":400,"parallax_speed":0.1,"text_align":"left","max_width":600,"margin_top":0,"margin_bottom":0,"padding_x":20,"heading_color":"#ffffff","heading_size":48,"heading_weight":"700","heading_line_height":1.2,"heading_margin":20,"sub_color":"#ffffff","sub_size":18,"sub_weight":"400","sub_line_height":1.5}},"scroll_text_top_TwXw7C":{"type":"scroll_text_top","settings":{"text":"PREMIUM QUALITY","show_icon":true,"icon_path":"M12 2l3.09 6.26L22 9.27l-5 4.87 1.18 6.88L12 17.77l-6.18 3.25L7 14.14 2 9.27l6.91-1.01L12 2z","location":20,"rotate":2,"overlay_enable":true,"duplicates":15,"text_color":"#ffffff","bg_color":"#b90000","icon_color":"#ffffff","font_size":16,"icon_size":18,"rotation":0,"speed":25,"padding":15,"gap":40,"text_gap":12,"spacing":40,"font_weight":"500"}}},"block_order":["parallax_content_AiqhM4","scroll_text_top_TwXw7C"],"name":"Graphic Tees","settings":{"title":"","subtitle":"","align_items":"center","justify_content":"center","elg":false,"enable_bg_text":true,"italic_font_selection":"primary","collection":"hoodies","prbox_style":"grid_1","show_color_swatch":true,"show_vendor":false,"grid":4,"gridtb":3,"gridmb":1.4,"rows":5,"show_view_all":"","btn-style":"btn1","btn-size":"btn-md","carousel":false,"loop":false,"autoplay":false,"speed":5,"arrow":true,"arrowm":false,"dot":false,"dotm":true,"sw":false,"npd":false,"bg":"#ffffff","bgg":"","overlay":"#000000","overlay_op":0,"headings_cl":"","sst":60,"ssb":60,"sstm":40,"ssbm":40,"hidem":false,"hided":false}},"scrolling_parallex_KeEmgg":{"type":"scrolling-parallex","blocks":{"parallax_content_FAmq76":{"type":"parallax_content","settings":{"bg_image":"shopify:\/\/shop_images\/Lucid_Origin_A_confident_young_slender_person_wearing_a_plain__1_2.jpg","heading":"Premium Collection","subheading":"<p>Crafted from the finest fabrics for unmatched quality and style.<\/p>","show_view_all":"View All","collection":"asphalt-aura","show_overlay":true,"overlay_color":"#000000","overlay_opacity":0.2,"height":400,"parallax_speed":0.1,"text_align":"left","max_width":600,"margin_top":0,"margin_bottom":0,"padding_x":20,"heading_color":"#ffffff","heading_size":48,"heading_weight":"700","heading_line_height":1.2,"heading_margin":20,"sub_color":"#ffffff","sub_size":18,"sub_weight":"400","sub_line_height":1.5}}},"block_order":["parallax_content_FAmq76"],"name":"Heading Cursed","settings":{"title":"","subtitle":"","align_items":"center","justify_content":"center","elg":false,"enable_bg_text":true,"italic_font_selection":"primary","collection":"asphalt-aura","prbox_style":"grid_1","show_color_swatch":true,"show_vendor":false,"grid":4,"gridtb":3,"gridmb":1.4,"rows":5,"show_view_all":"","btn-style":"btn1","btn-size":"btn-md","carousel":false,"loop":false,"autoplay":false,"speed":5,"arrow":true,"arrowm":false,"dot":false,"dotm":true,"sw":false,"npd":false,"bg":"#ffffff","bgg":"","overlay":"#000000","overlay_op":0,"headings_cl":"","sst":60,"ssb":60,"sstm":40,"ssbm":40,"hidem":false,"hided":false}},"glitch_code_section_cY7dEw":{"type":"glitch-code-section","disabled":true,"name":"Glitch Header","settings":{"title":"We're Just Getting Started…","inspiration_link":"","inspiration_text":"Inspiration","background_color":"#ffffff","headline_color":"#222222","font_size":3,"text_transform":"uppercase","font_weight":"900","sst":60,"ssb":60,"sstm":40,"ssbm":40}},"beyond_WiQwzn":{"type":"beyond","blocks":{"text_slide_RcJdRN":{"type":"text_slide","settings":{"heading":"A blessing for \n every skin."}},"image_slide_c6B44H":{"type":"image_slide","settings":{"image":"shopify:\/\/shop_images\/Lucid_Origin_A_confident_young_slender_person_wearing_a_bright_2.jpg","heading":""}},"text_slide_xHrRFp":{"type":"text_slide","settings":{"heading":"The perfect mix of \n old & new."}},"image_slide_xYW9LX":{"type":"image_slide","settings":{"image":"shopify:\/\/shop_images\/Lucid_Origin_A_confident_young_slender_person_wearing_a_plain__0_2.jpg","heading":""}},"text_slide_fBPHUE":{"type":"text_slide","settings":{"heading":"A journey over borders \n & generations."}},"image_slide_PHPQUf":{"type":"image_slide","settings":{"image":"shopify:\/\/shop_images\/Lucid_Origin_exquisite_high_fashion_photography_of_A_confident_3.jpg","heading":""}},"text_slide_fhFLDQ":{"type":"text_slide","settings":{"heading":"You are the \n stylist."}},"image_slide_f3Cjzg":{"type":"image_slide","settings":{"image":"shopify:\/\/shop_images\/Lucid_Origin_A_confident_young_slender_person_wearing_a_plain__0.jpg","heading":""}},"text_slide_pdAHpJ":{"type":"text_slide","settings":{"heading":"To be on the \n forefront."}},"image_slide_dPKAWi":{"type":"image_slide","settings":{"image":"shopify:\/\/shop_images\/Lucid_Origin_exquisite_high_fashion_photography_of_A_confident_0.jpg","heading":""}}},"block_order":["text_slide_RcJdRN","image_slide_c6B44H","text_slide_xHrRFp","image_slide_xYW9LX","text_slide_fBPHUE","image_slide_PHPQUf","text_slide_fhFLDQ","image_slide_f3Cjzg","text_slide_pdAHpJ","image_slide_dPKAWi"],"name":"Hero Image Text Slider","settings":{"section_height":500,"section_height_mobile":300,"background_color":"#222222","text_color":"#ffffff","overlay_opacity":65,"font_family":"Helvetica","heading_size":64,"heading_size_mobile":30,"font_weight":"400","center_scale":1.2,"autoplay":true,"autoplay_speed":2400,"transition_speed":1800}},"scroling_text_nhJEGa":{"type":"scroling-text","blocks":{"text_9Rc6RY":{"type":"text","settings":{"text":"Enjoy free shipping on all orders above ₹199","outline":false}},"text_rmqQf9":{"type":"text","settings":{"text":"Avail exclusive discounts for a limited time only","outline":false}},"text_fDNFpQ":{"type":"text","settings":{"text":"Discover new deals and offers updated every day","outline":false}}},"block_order":["text_9Rc6RY","text_rmqQf9","text_fDNFpQ"],"name":"Scrolling Text","settings":{"ff":"ft1","rotate_enable":true,"rotate_deg":0,"fs":28,"fsm":20,"fw":"400","cl":"#ffffff","space":40,"icon":"star","icns":16,"speed":20,"speedm":15,"bg":"#b90000","bgg":"","overlay":"#3d4246","overlay_op":0,"sst":0,"ssb":0,"sstm":0,"ssbm":5,"msb":10,"hidem":false,"hided":false}},"product_slider_wgByjd":{"type":"product-slider","name":"Best Sellers","settings":{"title":"Limited Edition","subtitle":"Unique T-shirts made in small batches for those who stand out.","align_items":"start","justify_content":"start","elg":false,"italic_font_selection":"secondary","collection":"polo-t-shirt","prbox_style":"grid_1","show_color_swatch":true,"show_vendor":false,"grid":4,"gridtb":3,"gridmb":1.5,"rows":50,"show_view_all":"View all","btn-style":"btnLink","btn-size":"btn-md","carousel":false,"loop":false,"autoplay":false,"speed":5,"arrow":true,"arrowm":false,"dot":true,"dotm":true,"sw":false,"npd":false,"bg":"#ffffff","bgg":"","overlay":"#222222","overlay_op":0,"headings_cl":"","sst":40,"ssb":40,"sstm":30,"ssbm":30,"hidem":false,"hided":false}},"product_slider_yQdtpy":{"type":"product-slider","name":"Best Sellers","settings":{"title":"Sale Picks","subtitle":"Snag your favorite T-shirts at special prices while stocks last.","align_items":"start","justify_content":"start","elg":false,"italic_font_selection":"secondary","collection":"long-sleeve-streetwear","prbox_style":"grid_1","show_color_swatch":true,"show_vendor":false,"grid":4,"gridtb":3,"gridmb":1.5,"rows":50,"show_view_all":"View all","btn-style":"btnLink","btn-size":"btn-md","carousel":false,"loop":false,"autoplay":false,"speed":5,"arrow":true,"arrowm":false,"dot":true,"dotm":true,"sw":false,"npd":false,"bg":"#ffffff","bgg":"","overlay":"#222222","overlay_op":0,"headings_cl":"","sst":40,"ssb":60,"sstm":30,"ssbm":30,"hidem":false,"hided":false}},"scroll_section_banner_f9QHWg":{"type":"scroll-section-banner","blocks":{"image_V7WKgC":{"type":"image","settings":{}},"image_qyCfPn":{"type":"image","settings":{}},"image_CYzTqD":{"type":"image","settings":{}},"image_3UiieY":{"type":"image","settings":{}},"image_GXVTJH":{"type":"image","settings":{}}},"block_order":["image_V7WKgC","image_qyCfPn","image_CYzTqD","image_3UiieY","image_GXVTJH"],"name":"Scrolled Images Banner","settings":{"heading":"Unmatched Elegance","subheading":"<p>Explore our curated selection of premium products designed to bring style, comfort, and functionality into your everyday life. Every item is crafted with care to ensure quality you can trust.<\/p>","show_view_all":"","collection":"","image_1":"shopify:\/\/shop_images\/Lucid_Origin_A_confident_young_man_wearing_a_plain_white_tshir_2_upscayl_4x_upscayl-standard-4x.jpg","image_2":"shopify:\/\/shop_images\/Lucid_Origin_Ultrarealistic_highly_detailed_fashion_photoshoot_3_upscayl_4x_upscayl-standard-4x.jpg","image_3":"shopify:\/\/shop_images\/Lucid_Origin_Ultrarealistic_fashion_catalog_photoshoot_in_a_wa_1.jpg","image_4":"shopify:\/\/shop_images\/Lucid_Origin_Ultrarealistic_fashion_catalog_photoshoot_in_a_wa_0.jpg","image_5":"shopify:\/\/shop_images\/Lucid_Realism_A_side_profile_shot_at_eye_level_the_young_man_s_2_dc34fb08-082e-47b9-b769-37a7e84ae34c.jpg","media_height":"media--700px","fs":15,"fsm":12,"fw":"600","cl":"#000000","bcl":"#000000","bd":"#eeeeee","fbg":"#f4f4f4","sw":true,"npd":true,"sst":0,"ssb":80,"sstm":15,"ssbm":30,"bg":"","parallax_speed":1.5,"spacing_top_desktop":80,"spacing_top_mobile":20,"animate_delay_base":250,"animate_delay_increment":30}},"section_banner_EHNaci":{"type":"section-banner","blocks":{"media_FgQM6X":{"type":"media","settings":{"media_type":"image","image":"shopify:\/\/shop_images\/Lucid_Origin_Shot_from_a_slightly_low_angle_looking_up_a_young_2.jpg","video_url":"","media_fit":"cover","media_position":"center","video_aspect_ratio":60,"media_height":600,"media_height_tablet":400,"media_height_mobile":400}},"content_mzEQQ8":{"type":"content","settings":{"subheading":"","heading":"<h2><em>Seriously Not Serious<\/em><\/h2>","text":"<p>Turn heads and spark smiles with tees that speak your vibe. Our \"I’m Not Sleeping, I’m Just Resting My Eyes\" t-shirt blends laid-back comfort with retro charm — perfect for everyday chill and casual sarcasm.<\/p><p><\/p>","text_align":"left","content_padding":30,"content_padding_tablet":30,"content_padding_mobile":0,"btntxt":"Shop the Fun Edit","url":"shopify:\/\/collections\/seriously-not-serious","newtab":false,"btn_size":"btn-md","btn_style":"btnLink"}}},"block_order":["media_FgQM6X","content_mzEQQ8"],"custom_css":[".btnLink {width: fit-content;}"],"name":"Section Banner","settings":{"sw":true,"npd":true,"order":"image","italic_fancy_font":true,"italic_outline":false,"italic_font_selection":"secondary","media_radius":"0 25px 0 0","media_radius_mobile":"25px","bg":"#ffffff","bgg":"","overlay":"#222222","overlay_op":0.5,"rounded":0,"section_padding":"","section_margin":"72px 0px 0px","blocks_gap":0,"sst":36,"ssb":0,"sstm":20,"ssbm":0,"hidem":false,"hided":false,"section_link":""}},"section_banner_qkdNTE":{"type":"section-banner","blocks":{"media_nH74BE":{"type":"media","settings":{"media_type":"image","image":"shopify:\/\/shop_images\/Lucid_Realism_A_side_profile_shot_at_eye_level_the_young_man_s_2_dc34fb08-082e-47b9-b769-37a7e84ae34c.jpg","video_url":"","media_fit":"cover","media_position":"center","video_aspect_ratio":60,"media_height":600,"media_height_tablet":400,"media_height_mobile":400}},"content_BFmr96":{"type":"content","settings":{"subheading":"","heading":"<h2><em>Powered Up Graphics<\/em><\/h2>","text":"<p>At <strong>Teevore<\/strong>, we design clothing that empowers self-expression and bold identity. Each piece blends comfort, quality, and fearless style for those who lead with confidence.<br\/><br\/><\/p>","text_align":"left","content_padding":30,"content_padding_tablet":30,"content_padding_mobile":0,"btntxt":"Shop Hero Tees","url":"shopify:\/\/collections\/legends-of-marvel","newtab":false,"btn_size":"btn-md","btn_style":"btnLink"}}},"block_order":["media_nH74BE","content_BFmr96"],"custom_css":[".btnLink {width: fit-content;}"],"name":"Section Banner","settings":{"sw":true,"npd":true,"order":"text","italic_fancy_font":false,"italic_outline":false,"italic_font_selection":"secondary","media_radius":"0 0 0 25px","media_radius_mobile":"25px","bg":"#ffffff","bgg":"","overlay":"#222222","overlay_op":0.5,"rounded":0,"section_padding":"","section_margin":"0px 0px 70px","blocks_gap":0,"sst":0,"ssb":40,"sstm":20,"ssbm":0,"hidem":false,"hided":false,"section_link":""}},"testimonials_enchanced_La4ziG":{"type":"testimonials-enchanced","blocks":{"testimonial_card_hztnDm":{"type":"testimonial_card","settings":{"customer_name":"Rajesh Kumar","customer_location":"Gurgaon, Haryana","testimonial_text":"Perfect for gym sessions! Breathable fabric, great fit. Still looks new after 3 months.","grid_row":1,"grid_column":1,"time_text":"15:30","date_text":"25\/07\/25"}},"testimonial_card_8QXcab":{"type":"testimonial_card","settings":{"customer_name":"Meera Patel","customer_location":"Vadodara, Gujarat","testimonial_text":"Bought this hoodie as a gift. Husband loves it! Accurate sizing and prompt delivery.","grid_row":1,"grid_column":1,"time_text":"09:45","date_text":"22\/07\/25"}},"large_text_yMPGEE":{"type":"large_text","settings":{"text_line_1":"Thoughtful"}},"testimonial_card_Lf9DPn":{"type":"testimonial_card","settings":{"customer_name":"Dr. Suresh Nair","customer_location":"Kochi, Kerala","testimonial_text":"Versatile polo shirt! Perfect for meetings and weekends. Collar stays crisp after wash.","grid_row":1,"grid_column":1,"time_text":"14:20","date_text":"18\/07\/25"}},"testimonial_card_88fdRf":{"type":"testimonial_card","settings":{"customer_name":"Kavya Sharma","customer_location":"Indore, Madhya Pradesh","testimonial_text":"Was skeptical about online shopping, but this t-shirt exceeded expectations. Perfect weight!","grid_row":1,"grid_column":1,"time_text":"11:15","date_text":"15\/07\/25"}},"testimonial_card_MVWTfn":{"type":"testimonial_card","settings":{"customer_name":"Arjun Reddy","customer_location":"Vizag, Andhra Pradesh","testimonial_text":"Excellent value! Better quality than other brands at this price. Professional stitching.","grid_row":1,"grid_column":1,"time_text":"16:50","date_text":"12\/07\/25"}},"testimonial_card_zmdPkJ":{"type":"testimonial_card","settings":{"customer_name":"Deepika Singh","customer_location":"Chandigarh, Punjab","testimonial_text":"My 16-year-old son loves this hoodie! Comfortable for basketball and looks great with jeans.","grid_row":1,"grid_column":1,"time_text":"13:25","date_text":"08\/07\/25"}},"large_text_wUgYnW":{"type":"large_text","settings":{"text_line_1":"Testimonials"}},"testimonial_card_UnaYMp":{"type":"testimonial_card","settings":{"customer_name":"Amit Gupta","customer_location":"Noida, Uttar Pradesh","testimonial_text":"Perfect for office casual Fridays! Great fit, doesn't wrinkle easily. Colleagues love it.","grid_row":1,"grid_column":1,"time_text":"10:40","date_text":"05\/07\/25"}},"testimonial_card_R9KjYd":{"type":"testimonial_card","settings":{"customer_name":"Ritu Agarwal","customer_location":"Bhopal, Madhya Pradesh","testimonial_text":"Monsoon-perfect polo! Dries quickly, color hasn't faded despite humidity. Great investment.","grid_row":1,"grid_column":1,"time_text":"17:35","date_text":"02\/07\/25"}},"testimonial_card_p7ehra":{"type":"testimonial_card","settings":{"customer_name":"Manish Joshi","customer_location":"Dehradun, Uttarakhand","testimonial_text":"Versatile t-shirt for hill weather! Comfortable in warm afternoons, perfect for layering.","grid_row":1,"grid_column":1,"time_text":"12:10","date_text":"28\/06\/25"}},"testimonial_card_QPRCrj":{"type":"testimonial_card","settings":{"customer_name":"Shruti Malhotra","customer_location":"Faridabad, Haryana","testimonial_text":"Ordered 2 hoodies - both loved them! Great quality, responsive customer service for sizing.","grid_row":1,"grid_column":1,"time_text":"08:55","date_text":"25\/06\/25"}}},"block_order":["testimonial_card_hztnDm","testimonial_card_8QXcab","large_text_yMPGEE","testimonial_card_Lf9DPn","testimonial_card_88fdRf","testimonial_card_MVWTfn","testimonial_card_zmdPkJ","large_text_wUgYnW","testimonial_card_UnaYMp","testimonial_card_R9KjYd","testimonial_card_p7ehra","testimonial_card_QPRCrj"],"name":"Testimonials","settings":{"section_title":"","italic_outline":false,"sst":30,"ssb":80,"sstm":15,"ssbm":30,"bg":"","text_color":"#414042"}},"background_video_v2_qUMgyG":{"type":"background-video-v2","name":"Video","settings":{"heading":"","heading_size":"h1","enable_video_looping":true,"video":"shopify:\/\/files\/videos\/LOGO Glitch_1080p.mp4","video_url":"https:\/\/www.youtube.com\/watch?v=_9VUPq3SxOc","description":"","video_height":200,"full_width":true,"padding_top":40,"padding_bottom":40}},"instagram_rich_text_h6pNwj":{"type":"instagram-rich-text","blocks":{"heading_LzEMyE":{"type":"heading","settings":{"heading":"@Teevore.official","grid_position":"1","grid_alignment":"left","cl":"#222222","fs":28,"fsm":24,"fw":700,"lh":1.2,"mb":20,"tff":"font1"}},"text_CkUVqr":{"type":"text","settings":{"text":"<ul><li>🧢 Bold | Urban | Real<\/li><li>🖤 Limited Drops | Premium Tees<\/li><li>🎯 Designed for the streets, worn by icons<\/li><li>📦 Shipping PAN... more<\/li><\/ul>","grid_position":"5","grid_alignment":"left","cl":"#222222","fs":13,"fsm":12,"fw":400,"lh":1.5,"mb":0,"image_enable":true,"image":"shopify:\/\/shop_images\/favi_icon_logo.png","image_type":"svg","svg_code":"<svg width=\"74\" height=\"82\" viewbox=\"0 0 74 82\" fill=\"none\" xmlns=\"https:\/\/www.w3.org\/2000\/svg\">\n<g clip-path=\"url(#clip0_354_33340)\">\n<path d=\"M63.4061 28.191C65.2899 27.9648 67.2416 27.3239 69.1351 27.192C69.9022 27.1354 74.2232 26.8432 73.1163 28.0779C72.6696 28.568 67.4358 30.3777 66.2998 30.8678C63.0954 32.2722 60.0173 34.063 56.6576 35.0809C41.3932 33.5352 26.0998 32.2439 10.7577 31.6218L10.379 31.2543C10.3499 28.0402 10.8063 24.8262 11.1073 21.631C11.2918 19.6234 11.1073 17.2389 11.6899 15.2595C12.1657 13.6572 16.778 7.00299 18.1569 6.18299C24.6044 3.97747 31.0714 1.6023 37.6937 0C42.8595 2.27149 50.3945 3.41195 55.2108 6.05103C57.0363 7.05011 61.4253 13.3933 62.1438 15.4198C63.5227 19.3218 63.4061 24.1099 63.4158 28.1816L63.4061 28.191Z\" fill=\"#222222\"><\/path>\n<path d=\"M42.617 54.4408C44.0444 54.8555 41.7237 56.5992 41.209 56.9197C43.4715 57.2307 44.3066 56.5615 45.229 54.6953C48.8995 53.9884 56.7258 53.7905 58.93 50.4728C59.5612 49.5114 61.2993 42.433 61.3479 41.1606C61.3964 39.9542 60.94 38.71 60.0953 37.8523C61.6683 37.8523 63.6589 34.7891 64.7464 37.4188C65.0377 38.1257 64.7756 40.9815 64.6493 41.9052C64.2998 44.5254 62.4451 50.19 60.6002 52.0939C59.7554 52.9611 58.0367 53.9224 56.7938 53.9696C55.9976 57.4004 57.2113 61.6323 55.9587 64.9218C55.2111 66.8822 49.0548 74.3847 47.3264 76.3546C44.6464 79.4273 43.1996 80.8411 38.7815 81.1898C34.8586 81.5008 29.2267 81.482 26.1777 78.8146C22.3811 75.4781 19.0019 69.2197 15.4772 65.4213C14.1372 61.7926 14.8751 57.8716 14.6324 54.1015C13.8264 53.5077 13.0885 53.3758 12.234 52.716C9.7676 50.7932 8.21397 45.8167 7.60224 42.8477C7.31093 41.4528 6.28168 37.5036 7.84499 36.7873C9.40832 36.0709 10.1366 37.9466 11.6125 37.8429L11.3601 32.8946L53.4535 36.8627C53.5118 37.2962 52.8709 37.0983 52.5602 37.1077C41.8596 37.5319 30.858 36.7401 20.138 37.0983C18.4193 37.1549 15.953 37.202 14.3119 37.3811C11.1173 37.7392 10.8066 39.0211 11.1561 41.8769C11.3795 43.696 12.5156 47.8243 13.1953 49.5585C14.1566 51.9903 16.6035 52.716 18.9922 53.3381C20.5361 53.7434 26.6438 54.4031 27.275 54.9592C27.6245 55.2703 27.7799 55.9677 28.1974 56.2976C28.9354 56.8914 30.5958 57.1176 31.4989 56.8066C30.6056 55.9866 29.5374 55.8923 29.4598 54.4503H42.5976L42.617 54.4408ZM26.9254 62.6126C27.9935 65.3553 30.557 66.3732 33.4215 66.5806C37.0919 66.8539 42.0538 66.7126 43.7628 62.9801C43.7337 62.6031 39.7331 61.3873 39.0534 61.359C37.8105 61.3024 37.0531 61.868 35.985 61.8962C34.4605 61.9339 33.1593 61.1893 31.4115 61.4061C29.9647 61.5852 28.4985 62.7257 26.9254 62.622V62.6126Z\" fill=\"#222222\"><\/path>\n<\/g>\n<defs>\n<clippath id=\"clip0_354_33340\">\n<rect width=\"67\" height=\"82\" fill=\"white\" transform=\"translate(7)\"><\/rect>\n<\/clippath>\n<\/defs>\n<\/svg>","enable_border":true,"image_width":100,"image_height":100}},"button_wreRy7":{"type":"button","settings":{"btntxt":"Follow Us","url":"shopify:\/\/collections","btn-style":"btn7","btn-size":"btn-lg","grid_position":"5","grid_alignment":"right","btn_style":"btn-primary","btn_size":"btn-small","justify_content":"center","newtab":false}}},"block_order":["heading_LzEMyE","text_CkUVqr","button_wreRy7"],"name":"Instagram Richtext","settings":{"grid_columns":"2","grid_rows":"3","gap_direction":0,"align_items":"center","max_width":1400,"show_column_bg":false,"enable_left_border":false,"border_thickness":2,"border_color":"#222222","tagg":"fl","lefta":true,"italic_fancy_font":false,"italic_font_selection":"primary","bg":"#ffffff","bgg":"#ffffff","overlay":"#2222224d","overlay_op":0.3,"ganim":false,"sst":60,"ssb":0,"sstm":20,"ssbm":15,"sw":true,"maxwd":100,"left_align":true,"hidem":false,"hided":false,"animsp":1,"btn_bg_color":"#007bff","btn_text_color":"#ffffff","image_border_radius":25,"image_wrapper_width":60,"image_wrapper_height":60,"image_block_margin":20}},"175396395790ca3829":{"type":"apps","blocks":{"gsc_instagram_feed_instafeed_MHMBkg":{"type":"shopify:\/\/apps\/gsc-instagram-feed\/blocks\/instafeed\/96970b1b-b770-454f-b16b-51f47e1aa4ed","settings":{"widget_id":"GSC-MvpNSQfgNXvTlAy"}}},"block_order":["gsc_instagram_feed_instafeed_MHMBkg"],"settings":{"sst":30,"ssb":30,"sstm":15,"ssbm":15,"bg":"","sw":false}},"social_overlays_9xf7qe":{"type":"social-overlays","blocks":{"card_J6pF7k":{"type":"card","settings":{"link":"shopify:\/\/policies\/contact-information","open_in_new_tab":false,"aria_label":"","svg_code":"<svg xmlns=\"https:\/\/www.w3.org\/2000\/svg\" width=\"48\" height=\"48\" fill=\"currentColor\" viewbox=\"0 0 16 16\">\n  <path d=\"M13.601 2.326A7.85 7.85 0 0 0 7.994 0C3.627 0 .068 3.558.064 7.926c0 1.399.366 2.76 1.057 3.965L0 16l4.204-1.102a7.9 7.9 0 0 0 3.79.965h.004c4.368 0 7.926-3.558 7.93-7.93A7.9 7.9 0 0 0 13.6 2.326zM7.994 14.521a6.6 6.6 0 0 1-3.356-.92l-.24-.144-2.494.654.666-2.433-.156-.251a6.56 6.56 0 0 1-1.007-3.505c0-3.626 2.957-6.584 6.591-6.584a6.56 6.56 0 0 1 4.66 1.931 6.56 6.56 0 0 1 1.928 4.66c-.004 3.639-2.961 6.592-6.592 6.592m3.615-4.934c-.197-.099-1.17-.578-1.353-.646-.182-.065-.315-.099-.445.099-.133.197-.513.646-.627.775-.114.133-.232.148-.43.05-.197-.1-.836-.308-1.592-.985-.59-.525-.985-1.175-1.103-1.372-.114-.198-.011-.304.088-.403.087-.088.197-.232.296-.346.1-.114.133-.198.198-.33.065-.134.034-.248-.015-.347-.05-.099-.445-1.076-.612-1.47-.16-.389-.323-.335-.445-.34-.114-.007-.247-.007-.38-.007a.73.73 0 0 0-.529.247c-.182.198-.691.677-.691 1.654s.71 1.916.81 2.049c.098.133 1.394 2.132 3.383 2.992.47.205.84.326 1.129.418.475.152.904.129 1.246.08.38-.058 1.171-.48 1.338-.943.164-.464.164-.86.114-.943-.049-.084-.182-.133-.38-.232\"><\/path>\n<\/svg>"}}},"block_order":["card_J6pF7k"],"name":"Social Icon Card (Overlay)","settings":{"dkbp":30,"dkrp":30,"mbbp":20,"mbrp":20,"svg_code_size":1,"card_size":80,"mbcs":70,"icon_size":40,"mbis":20,"card_gap":0.5,"cab":"#ffffff","dbr":90,"hover_scale":110,"show_one_by_one":false,"en_card1":false,"en_card2":false,"en_card3":false,"en_card4":false,"card1_color":"#198754","card1_hover_bg":"#198754","card1_hover_color":"#ffffff","card2_color":"#03a9f4","card2_hover_bg":"#03a9f4","card2_hover_color":"#ffffff","card3_color":"#333333","card3_hover_bg":"#000000","card3_hover_color":"#ffffff","card4_color":"#8c9eff","card4_hover_bg":"#8c9eff","card4_hover_color":"#ffffff"}},"faq_6mwa9x":{"type":"faq","blocks":{"faqs_1":{"type":"faqs","settings":{"title":"What sizes are available for Teevore T-shirts?","answer":"<p>Our T-shirts are available in sizes XS to XXL. Please refer to the size guide on each product page for exact measurements.<\/p>","open":false}},"faqs_2":{"type":"faqs","settings":{"title":"What material are your T-shirts made from?","answer":"<p>Teevore T-shirts are made from 100% premium cotton, offering a soft, breathable, and long-lasting wear.<\/p>","open":false}},"faqs_3":{"type":"faqs","settings":{"title":"How should I wash and care for my T-shirt?","answer":"<p>We recommend machine washing cold with like colors and tumble drying on low. Avoid bleach and ironing directly on prints.<\/p>","open":false}},"faqs_4":{"type":"faqs","settings":{"title":"Do you offer international shipping?","answer":"<p>Yes, Teevore ships worldwide. Shipping rates and delivery times vary based on your location.<\/p>","open":false}},"faqs_5":{"type":"faqs","settings":{"title":"Can I return or exchange my T-shirt?","answer":"<p>Yes, we offer a 7-day return and exchange policy on unused items with original packaging and tags.<\/p>","open":false}},"faqs_6":{"type":"faqs","settings":{"title":"How long does delivery take?","answer":"<p>Orders are typically delivered within 3-7 business days in India, and 7-15 business days internationally.<\/p>","open":false}},"newsletter_tqhWqT":{"type":"newsletter","disabled":true,"settings":{"title":"","subtitle":"Sign up to stay in the loop. Receive updates,<br> access to exclusive deals, and more.","style":"1","fs":22,"fsm":18,"fst":14,"fstm":13,"cl":"#000000","tf_bg":"#eeeeee","tf_txt":"#000000","btncl":"#ffffff","btnbg":"#000000","btnclh":"#ffffff","btnbgh":"#86bbbf","sw":true,"npd":true,"bg":"#222222","bgg":"","overlay":"#3d4246","overlay_op":0,"headings_cl":"","sst":40,"ssb":40,"sstm":15,"ssbm":15,"hidem":false,"hided":false}}},"block_order":["faqs_1","faqs_2","faqs_3","faqs_4","faqs_5","faqs_6","newsletter_tqhWqT"],"custom_css":[],"name":"FAQs","settings":{"title":"Need Help? Start Here","subtitle":"Answers to common questions about our T-shirts, shipping, and returns.","enable_small_card":true,"enable_faq_only":true,"italic_font_selection":"secondary","page_width":2000,"accor":true,"acc_style":"1","tcl":"#ffffff","tfs":15,"tfsm":14,"tfw":"500","qu":"#ffffff","fs":13,"fsm":12,"fw":"400","an":"#ffffff","fst":13,"fsmt":13,"bdr":"#535353","links":false,"lfs":14,"lfsm":19,"lfw":"500","lcl":"#222222","lclh":"#222222","lbg":"#222222","lbd":"#acacac","sw":true,"bg":"#222222","bgg":"","overlay":"#3d4246","overlay_op":0,"headings_cl":"","sst":60,"ssb":40,"sstm":40,"ssbm":40,"hidem":false,"hided":false}}},"order":["slideshow_9343dN","richtext_v2_maBnQ4","product_slider_AJHwjn","product_slider_YDUKFX","collection_list2_Nhz7Qe","scrolling_parallex_rkz8YK","scrolling_parallex_gNkwXJ","scrolling_parallex_KeEmgg","glitch_code_section_cY7dEw","beyond_WiQwzn","scroling_text_nhJEGa","product_slider_wgByjd","product_slider_yQdtpy","scroll_section_banner_f9QHWg","section_banner_EHNaci","section_banner_qkdNTE","testimonials_enchanced_La4ziG","background_video_v2_qUMgyG","instagram_rich_text_h6pNwj","175396395790ca3829","social_overlays_9xf7qe","faq_6mwa9x"]}