{"sections":{"slideshow_9343dN":{"type":"slideshow","blocks":{"image_wyJQVQ":{"type":"image","disabled":true,"settings":{"image":"shopify:\/\/shop_images\/Diwali.png","imagem":"shopify:\/\/shop_images\/Diwali_mobile.png","ovr":"#000000","ovropt":0,"pcl":"#000000","hd1":"","pff":"ft1","pfs":14,"pfsm":14,"pfw":"600","plh":1.2,"pmb":5,"pmbm":5,"title":"","htag":"h2","tff":"ft1","tfs":60,"tfsm":25,"tfw":"600","tlh":1.2,"to":1,"tmb":10,"tmbm":5,"hd3":"","hideh3":true,"ff":"ft1","fs":16,"fsm":14,"fw":"400","lh":1.2,"mb":25,"mbm":15,"enable_overlay_click":true,"btn":"Shop Now","link":"shopify:\/\/collections\/big-diwali-sale-collection","newtab":false,"display_btn":false,"btn2":"","link2":"shopify:\/\/collections\/big-diwali-sale-collection","newtab1":false,"contwd":1400,"twd":600,"text-left":true,"txtpos":"f-aic-md f-jcs-md","txtposm":"f-aic f-jcs","isbox":false,"isboxm":false,"tbg":"#ffffff","opt":0.9,"brad":0}},"image_rEiCAb":{"type":"image","settings":{"image":"shopify:\/\/shop_images\/Banner_002_Carousel.jpg","ovr":"#000000","ovropt":0,"pcl":"#ffffff","hd1":"Effortless Style for Every Day","pff":"ft1","pfs":14,"pfsm":14,"pfw":"600","plh":1.2,"pmb":5,"pmbm":5,"title":"Confident & Casual","htag":"h2","tff":"ft1","tfs":60,"tfsm":28,"tfw":"600","tlh":1.5,"to":1,"tmb":10,"tmbm":5,"hd3":"Discover the perfect blend of comfort and confidence with our premium plain black t-shirt.","hideh3":true,"ff":"ft1","fs":13,"fsm":12,"fw":"400","lh":1.2,"mb":25,"mbm":15,"enable_overlay_click":false,"btn":"Shop now","link":"","newtab":false,"display_btn":false,"btn2":"Shop now","link2":"","newtab1":false,"contwd":1400,"twd":900,"text-left":true,"txtpos":"f-aic-md f-jcs-md","txtposm":"f-jcc f-aie tc","isbox":false,"isboxm":false,"tbg":"#ffffff","opt":0.9,"brad":0}},"image_bK4Ejx":{"type":"image","settings":{"image":"shopify:\/\/shop_images\/Lucid_Origin_A_confident_young_man_wearing_a_plain_red_hoodie__2.jpg","ovr":"#000000","ovropt":0,"pcl":"#ffffff","hd1":"Effortless Style for Every Day","pff":"ft1","pfs":14,"pfsm":14,"pfw":"600","plh":1.2,"pmb":5,"pmbm":5,"title":"Confident & Casual","htag":"h2","tff":"ft1","tfs":60,"tfsm":28,"tfw":"600","tlh":1.5,"to":1,"tmb":10,"tmbm":5,"hd3":"Discover the perfect blend of comfort and confidence with our premium plain black t-shirt.","hideh3":true,"ff":"ft1","fs":13,"fsm":12,"fw":"400","lh":1.2,"mb":25,"mbm":15,"enable_overlay_click":false,"btn":"Shop now","link":"","newtab":false,"display_btn":false,"btn2":"Shop now","link2":"","newtab1":false,"contwd":1400,"twd":900,"text-left":true,"txtpos":"f-aic-md f-jcs-md","txtposm":"f-jcc f-aie tc","isbox":false,"isboxm":false,"tbg":"#ffffff","opt":0.9,"brad":0}},"image_Rz4cad":{"type":"image","settings":{"image":"shopify:\/\/shop_images\/Lucid_Origin_A_confident_young_man_wearing_a_plain_white_tshir_2.jpg","ovr":"#000000","ovropt":0,"pcl":"#ffffff","hd1":"Effortless Style for Every Day","pff":"ft1","pfs":14,"pfsm":14,"pfw":"600","plh":1.2,"pmb":5,"pmbm":5,"title":"Confident & Casual","htag":"h2","tff":"ft1","tfs":60,"tfsm":28,"tfw":"600","tlh":1.5,"to":1,"tmb":10,"tmbm":5,"hd3":"Discover the perfect blend of comfort and confidence with our premium plain black t-shirt.","hideh3":true,"ff":"ft1","fs":13,"fsm":12,"fw":"400","lh":1.2,"mb":25,"mbm":15,"enable_overlay_click":false,"btn":"Shop now","link":"","newtab":false,"display_btn":false,"btn2":"Shop now","link2":"","newtab1":false,"contwd":1400,"twd":900,"text-left":true,"txtpos":"f-aic-md f-jcs-md","txtposm":"f-jcc f-aie tc","isbox":false,"isboxm":false,"tbg":"#ffffff","opt":0.9,"brad":0}},"image_6KdFG7":{"type":"image","settings":{"image":"shopify:\/\/shop_images\/Lucid_Origin_A_young_man_stands_outdoors_in_a_quiet_natural_se_3.jpg","ovr":"#ffffff","ovropt":0,"pcl":"#ffffff","hd1":"Elevate Your Everyday Look","pff":"ft1","pfs":14,"pfsm":14,"pfw":"600","plh":1.2,"pmb":5,"pmbm":5,"title":"Classic Polo, Modern Fit","htag":"h2","tff":"ft1","tfs":60,"tfsm":28,"tfw":"600","tlh":1.2,"to":1,"tmb":10,"tmbm":5,"hd3":"Step up your casual wardrobe with our sleek gray polo shirt featuring subtle check patterns.","hideh3":true,"ff":"ft1","fs":13,"fsm":12,"fw":"400","lh":1.2,"mb":25,"mbm":15,"enable_overlay_click":false,"btn":"Shop now","link":"","newtab":false,"display_btn":false,"btn2":"Shop now","link2":"","newtab1":false,"contwd":1400,"twd":900,"text-left":true,"txtpos":"f-aic-md f-jcs-md","txtposm":"f-jcc f-aie tc","isbox":false,"isboxm":false,"tbg":"#ffffff","opt":0.9,"brad":0}},"image_WAwHJV":{"type":"image","settings":{"image":"shopify:\/\/shop_images\/Banner_0005.jpg","ovr":"#000000","ovropt":0,"pcl":"#ffffff","hd1":"Natural Vibes, Timeless Comfort","pff":"ft1","pfs":14,"pfsm":17,"pfw":"300","plh":1.2,"pmb":5,"pmbm":5,"title":"Tees for Nature Lovers","htag":"h2","tff":"ft1","tfs":60,"tfsm":28,"tfw":"600","tlh":1.2,"to":1,"tmb":10,"tmbm":5,"hd3":"Embrace the calm of nature with our breathable brown tee.","hideh3":true,"ff":"ft2","fs":13,"fsm":12,"fw":"400","lh":1.2,"mb":25,"mbm":15,"enable_overlay_click":false,"btn":"Shop now","link":"","newtab":false,"display_btn":false,"btn2":"Shop now","link2":"","newtab1":false,"contwd":1400,"twd":900,"text-left":true,"txtpos":"f-aic-md f-jcs-md","txtposm":"f-jcc f-aie tc","isbox":false,"isboxm":false,"tbg":"#ffffff","opt":0.9,"brad":0}}},"block_order":["image_wyJQVQ","image_rEiCAb","image_bK4Ejx","image_Rz4cad","image_6KdFG7","image_WAwHJV"],"custom_css":[".slideshow .swiper-pagination-bullets {position: absolute; bottom: 0; width: 100%; z-index: 2; margin-bottom: 25px;}",".slideshow .imgFt {object-position: top;}"],"name":"Carousel","settings":{"ht":"2","htd":750,"htt":600,"htm":500,"section_width":false,"box-width":1800,"sbrad":25,"fade":true,"loop":true,"autoplay":true,"speed":10,"arrow":true,"arrowm":false,"arrowc":"#ffffff","arrowbg":"rgba(0,0,0,0)","dot":true,"dotm":true,"dots":"#dddddd","imganim":true,"txtanimation":true,"animation-style":"st3","sw":true,"sst":0,"ssb":50,"sstm":0,"ssbm":25,"hidem":false,"hided":false,"btn-style":"btn7","btn-style1":"btn1","btn-size":"btn-md"}},"richtext_v2_maBnQ4":{"type":"richtext-v2","blocks":{"heading_bWTwpy":{"type":"heading","settings":{"heading":"Fashion with a Statement","grid_position":"1","grid_alignment":"center","cl":"#222222","lh":1.3,"mb":20,"tff":""}},"text_QqU6ig":{"type":"text","settings":{"text":"<p> Teevore is where fashion meets fearless expression. From zodiac drops to savage one-liners, our tees are made to turn heads and spark conversations. No filters, no fluff — just raw personality in every thread. Ready to wear what you actually think?<\/p>","grid_position":"9","grid_alignment":"center","cl":"#222222","fs":13,"fsm":12,"fw":400,"lh":1.5,"mb":20,"image_enable":true,"image_type":"image","svg_code":"","image_width":100,"image_height":100}}},"block_order":["heading_bWTwpy","text_QqU6ig"],"custom_css":[],"name":"Rich Text","settings":{"grid_columns":"1","grid_rows":"1","gap_direction":0,"align_items":"center","max_width":1200,"show_column_bg":false,"enable_left_border":false,"border_thickness":1,"border_color":"#222222","tagg":"tc","lefta":false,"enable_fancy":true,"italic_fancy_font":true,"italic_font_selection":"secondary","bg":"#ffffff","bgg":"","overlay":"#222222","overlay_op":0,"ganim":true,"sst":60,"ssb":60,"sstm":40,"ssbm":40,"sw":true,"maxwd":100,"left_align":true,"hidem":false,"hided":false,"animsp":1,"btn_bg_color":"#007bff","btn_text_color":"#ffffff","image_border_radius":25,"image_wrapper_width":60,"image_wrapper_height":60,"image_block_margin":20}},"scroling_text_fdeDHJ":{"type":"scroling-text","blocks":{"text_nFdfi6":{"type":"text","settings":{"text":"Big Diwali Sale is LIve : UPTO <em>50% <\/em>off","outline":false}}},"block_order":["text_nFdfi6"],"disabled":true,"name":"Scrolling Text","settings":{"ff":"ft3","rotate_enable":false,"rotate_deg":2,"fs":48,"fsm":35,"fw":"700","cl":"#fabc26","space":35,"icon":"custom","custom_svg":"<path d=\"M46.258 431.356C36.2055 419.023 27.3209 406.189 19.6876 392.773C11.9709 379.273 5.54732 365.231 0.541906 350.606C-0.584312 347.314 0.291636 343.773 2.50236 341.398L3.79542 340.023C36.5809 305.606 140.86 288.189 245.974 287.939C350.837 287.731 457.745 304.523 496.286 338.564L498.205 340.314C501.083 343.023 501.792 347.189 500.291 350.606C493.825 367.731 485.9 383.606 476.723 398.439C467.422 413.481 456.952 427.398 445.481 440.398C432.509 455.148 417.66 470.648 400.725 483.148C383.289 496.023 363.726 505.606 341.911 507.731C308.5 510.981 271.084 513.106 235.171 512.939C204.346 512.814 174.689 510.981 149.703 506.773C128.931 503.273 108.992 491.773 91.1399 477.231C73.7878 463.148 58.3961 446.231 46.258 431.356Z\" fill=\"#3B1C1C\"><\/path>\n<path fill-rule=\"evenodd\" clip-rule=\"evenodd\" d=\"M53.3896 425.565C33.9519 401.69 18.9356 375.856 9.2168 347.606C68.3641 280.773 421.412 279.981 491.822 346.94C479.308 380.315 460.913 408.94 438.556 434.315C413.237 463.065 380.827 494.69 341.034 498.606C279.592 504.606 204.636 506.69 151.204 497.731C113.121 491.315 76.9984 454.606 53.3896 425.565Z\" fill=\"#A34A1E\"><\/path>\n<path d=\"M101.317 300.814C143.571 293.273 194.752 289.898 249.06 287.939C249.936 287.898 250.228 287.898 251.104 287.939C305.413 289.856 356.635 293.273 398.847 300.814C442.686 308.648 477.516 321.064 497.495 341.148C501.083 344.731 501.041 350.564 497.454 354.106C496.536 354.981 495.535 355.689 494.409 356.106C454.366 372.231 401.642 371.731 354.758 361.939C309.584 352.481 269.29 333.981 250.103 312.814C230.916 333.939 190.58 352.439 145.448 361.939C98.5642 371.773 45.7988 372.231 5.79725 356.106C4.67103 355.648 3.62823 354.981 2.75229 354.106C-0.834925 350.523 -0.834926 344.731 2.71057 341.148C22.6488 321.064 57.5198 308.648 101.317 300.814Z\" fill=\"#3B1C1C\"><\/path>\n<path fill-rule=\"evenodd\" clip-rule=\"evenodd\" d=\"M250.102 297.107C141.944 300.941 46.1317 310.524 9.2168 347.607C90.221 380.232 227.62 341.316 250.102 297.107C358.219 300.941 454.073 310.524 490.988 347.607C409.983 380.232 272.585 341.316 250.102 297.107Z\" fill=\"#F2E4CC\"><\/path>\n<path d=\"M230.122 2.73162C273.753 40.19 307.706 85.6483 320.762 132.44C332.358 173.982 327.645 216.44 298.989 255.19L293.65 261.982C293.358 262.357 293.066 262.648 292.732 262.94L263.784 290.565C261.031 293.19 256.651 293.065 254.065 290.315C251.646 287.773 251.562 283.857 253.731 281.232C276.131 253.898 284.64 224.232 282.679 195.982C280.886 170.065 270.333 145.19 253.606 124.315C251.27 133.273 246.557 143.315 241.343 154.44C224.825 189.523 202.551 236.898 244.638 282.065C247.224 284.857 247.057 289.19 244.304 291.773C241.969 293.94 238.507 294.19 235.92 292.565C224.7 285.482 215.857 278.773 207.89 270.482C199.965 262.232 193.041 252.523 185.699 239.398C153.707 182.398 180.194 125.065 201.758 78.3566C214.981 49.69 226.243 25.3566 219.277 10.7316C217.651 7.31496 219.152 3.18996 222.573 1.56496C225.117 0.356624 228.12 0.898291 230.122 2.73162ZM307.456 136.107C296.569 97.065 269.916 58.7316 234.919 25.6066C233.501 42.44 224.408 62.1066 214.23 84.1483C193.958 128.023 169.14 181.815 197.671 232.69C202.092 240.607 206.305 247.107 210.685 252.732C197.963 214.273 215.19 177.648 228.871 148.607C237.13 131.023 243.929 116.607 240.467 109.357C239.257 106.815 239.716 103.69 241.802 101.607C244.471 98.8983 248.809 98.8566 251.521 101.523C277.34 126.982 294.025 160.065 296.444 195.065C297.57 211.065 295.693 227.482 290.354 243.648C314.005 209.648 317.634 172.523 307.456 136.107Z\" fill=\"#3B1C1C\"><\/path>\n<path fill-rule=\"evenodd\" clip-rule=\"evenodd\" d=\"M225.452 7.81445C305.414 76.3561 351.964 171.939 293.442 251.106L288.228 257.731L259.072 285.606C308.876 224.856 293.526 152.606 246.725 106.439C260.824 136.189 170.81 212.939 239.592 286.731C218.027 273.064 205.806 261.231 191.707 236.023C141.194 146.106 246.266 51.6061 225.452 7.81445Z\" fill=\"#FABC26\"><\/path>\n<path d=\"M256.151 299.981C256.151 303.148 253.565 305.731 250.395 305.731C247.225 305.731 244.639 303.148 244.639 299.981V284.439C244.639 281.273 247.225 278.689 250.395 278.689C253.565 278.689 256.151 281.273 256.151 284.439V299.981Z\" fill=\"black\"><\/path>\n<path fill-rule=\"evenodd\" clip-rule=\"evenodd\" d=\"M246.975 398.148C262.283 398.148 274.713 410.565 274.713 425.857C274.713 441.148 262.283 453.565 246.975 453.565C231.666 453.565 219.236 441.148 219.236 425.857C219.236 410.565 231.666 398.148 246.975 398.148Z\" fill=\"white\"><\/path>\n<path fill-rule=\"evenodd\" clip-rule=\"evenodd\" d=\"M246.974 414.232C253.398 414.232 258.654 419.441 258.654 425.857C258.654 432.274 253.44 437.524 246.974 437.524C240.551 437.524 235.295 432.316 235.295 425.857C235.295 419.441 240.551 414.232 246.974 414.232Z\" fill=\"#FF6600\"><\/path>\n<path fill-rule=\"evenodd\" clip-rule=\"evenodd\" d=\"M352.588 410.857C360.889 410.857 367.646 417.566 367.646 425.857C367.646 434.149 360.931 440.857 352.588 440.857C344.288 440.857 337.572 434.149 337.572 425.857C337.572 417.566 344.288 410.857 352.588 410.857Z\" fill=\"white\"><\/path>\n<path fill-rule=\"evenodd\" clip-rule=\"evenodd\" d=\"M352.588 419.564C356.092 419.564 358.928 422.398 358.928 425.898C358.928 429.398 356.092 432.231 352.588 432.231C349.084 432.231 346.248 429.398 346.248 425.898C346.29 422.356 349.126 419.564 352.588 419.564Z\" fill=\"#FF6600\"><\/path>\n<path fill-rule=\"evenodd\" clip-rule=\"evenodd\" d=\"M148.702 410.857C157.002 410.857 163.718 417.566 163.718 425.857C163.718 434.149 157.002 440.857 148.702 440.857C140.401 440.857 133.686 434.149 133.686 425.857C133.686 417.566 140.401 410.857 148.702 410.857Z\" fill=\"white\"><\/path>\n<path fill-rule=\"evenodd\" clip-rule=\"evenodd\" d=\"M148.702 419.564C152.205 419.564 155.042 422.398 155.042 425.898C155.042 429.398 152.205 432.231 148.702 432.231C145.198 432.231 142.361 429.398 142.361 425.898C142.403 422.356 145.239 419.564 148.702 419.564Z\" fill=\"#FF6600\"><\/path>\n\n<defs>\n<clippath id=\"clip0_616_376\">\n<rect width=\"501\" height=\"512\" fill=\"white\" transform=\"translate(0 0.94043)\"><\/rect><\/clippath><\/defs>","icns":16,"speed":20,"speedm":15,"bg":"#190306","bgg":"","overlay":"#3d4246","overlay_op":0,"sst":10,"ssb":10,"sstm":5,"ssbm":5,"msb":5,"hidem":false,"hided":false}},"product_slider_AJHwjn":{"type":"product-slider","custom_css":[],"name":"New Arrivals","settings":{"title":"New Arrivals!","background_image":false,"subtitle":"Explore the latest trends and timeless classics","align_items":"start","justify_content":"start","elg":false,"italic_font_selection":"secondary","collection":"urban-wear","prbox_style":"grid_1","show_color_swatch":true,"show_vendor":false,"gridxxl":5,"grid":4,"gridtb":3,"gridmb":1.5,"rows":50,"show_view_all":"View all","btn-style":"btnLink","btn-size":"btn-md","carousel":false,"loop":false,"autoplay":false,"speed":5,"arrow":true,"arrowm":false,"dot":true,"dotm":true,"sw":true,"npd":false,"bg":"#ffffff","bgg":"","overlay":"#222222","overlay_op":0,"headings_cl":"","sst":40,"ssb":40,"sstm":30,"ssbm":30,"hidem":false,"hided":false}},"product_slider_YDUKFX":{"type":"product-slider","name":"Frontline","settings":{"title":"{{ section.settings.collection.title }}","background_image":true,"subtitle":"Explore the latest trends and timeless classics","align_items":"start","justify_content":"start","elg":false,"italic_font_selection":"secondary","collection":"shaurya-collection","prbox_style":"grid_1","show_color_swatch":true,"show_vendor":false,"gridxxl":5,"grid":4,"gridtb":3,"gridmb":1.5,"rows":50,"show_view_all":"View all","btn-style":"btnLink","btn-size":"btn-md","carousel":false,"loop":false,"autoplay":false,"speed":5,"arrow":true,"arrowm":false,"dot":true,"dotm":true,"sw":true,"npd":false,"bg":"#ffffff","bgg":"","overlay":"#222222","overlay_op":0,"headings_cl":"","sst":40,"ssb":40,"sstm":30,"ssbm":30,"hidem":false,"hided":false}},"featured_banner_UVCKif":{"type":"featured-banner","blocks":{"feature_DT7Tkz":{"type":"feature","settings":{"svg_image":"","title":"All-Season Comfort","text":"<p>Feels right, any weather.<\/p>"}},"feature_3rEepA":{"type":"feature","settings":{"svg_image":"","title":"Premium Fabric","text":"<p>Soft, durable, and stylish.<\/p>"}},"feature_E8RNtC":{"type":"feature","settings":{"svg_image":"","title":"Minimal Design","text":"<p>Built for every mood.<\/p>"}},"feature_Ba8Jxy":{"type":"feature","settings":{"svg_image":"","title":"Everyday Ready","text":"<p>Wear it. Live in it.<\/p>"}}},"block_order":["feature_DT7Tkz","feature_3rEepA","feature_E8RNtC","feature_Ba8Jxy"],"name":"Featured Banner","settings":{"media_type":"video","video":"shopify:\/\/files\/videos\/media.mp4","video_autoplay":true,"video_loop":true,"video_muted":true,"video_controls":false,"layout":"right","tbg":"#ffffff","tbgg":"","talign":"tc","talignv":"f-aic","maxwd":100,"txtpd":false,"title":"Teevore Hoodies","tff":"ft1","fs":25,"fsm":20,"fw":"500","lh":1.3,"text":"<p>Designed for comfort, crafted for every move you make. Style meets ease, wherever you go.<\/p>","tfs":15,"tfsm":13,"tlh":1.8,"style":"stl1","showicn":true,"icns":30,"icnsm":30,"border_radius":30,"fttfs":15,"fttfsm":13,"ftfw":"600","ftlh":1.3,"ftfs":13,"ftfsm":13,"cl":"#222222","grid":2,"gridtb":2,"gridmb":1,"btn":"Read More","link":"shopify:\/\/collections\/color-theory-collection","btn-style":"btn4","btn-size":"btn-sm","sbrad":24,"sw":true,"bg":"#ffffff","bgg":"","overlay":"#000000","overlay_op":0,"sst":40,"ssb":40,"sstm":15,"ssbm":15,"hidem":false,"hided":false}},"collection_list2_Nhz7Qe":{"type":"collection-list2","blocks":{"collection_zq8kef":{"type":"collection","settings":{"collection":"t-shirts","media_type":"video","video":"shopify:\/\/files\/videos\/T-Shirt_002.mp4","pretitle":"","title":"Casual","btntxt":"","url":""}},"collection_fKyLjr":{"type":"collection","settings":{"collection":"color-theory-collection","media_type":"video","video":"shopify:\/\/files\/videos\/Hoodies_Video.mp4","pretitle":"","title":"","btntxt":"","url":""}},"collection_VAVfWd":{"type":"collection","settings":{"collection":"urban-wear","media_type":"video","video":"shopify:\/\/files\/videos\/98973.mp4","pretitle":"","title":"Urban Wear","btntxt":"","url":""}},"collection_Xy7CHN":{"type":"collection","settings":{"collection":"trackline-collection","media_type":"video","video":"shopify:\/\/files\/videos\/a_man_standing_with_hands_in_pockets.mp4","pretitle":"","title":"Trackline","btntxt":"","url":""}},"collection_Cic678":{"type":"collection","settings":{"collection":"t-shirts","media_type":"video","video":"shopify:\/\/files\/videos\/98974.mp4","pretitle":"","title":"Casual","btntxt":"","url":""}},"collection_w8NnxD":{"type":"collection","settings":{"collection":"t-shirts","media_type":"video","image":"shopify:\/\/shop_images\/Lucid_Origin_Ultrarealistic_highly_detailed_fashion_photoshoot_3_upscayl_4x_upscayl-standard-4x.jpg","video":"shopify:\/\/files\/videos\/media (1).mp4","pretitle":"","title":"Polo T-Shirt","btntxt":"","url":""}}},"block_order":["collection_zq8kef","collection_fKyLjr","collection_VAVfWd","collection_Xy7CHN","collection_Cic678","collection_w8NnxD"],"custom_css":[".at_box {padding: 20px 0 !important;}"],"name":"Collection List","settings":{"title":"Our Collection","subtitle":"","pretitle_show":true,"italic_fancy_font":false,"enable_design":false,"italic_font_selection":"primary","enable_background":false,"different_design":true,"ratio":"150","gspace":15,"gspacem":10,"gridxxl":5,"grid":4,"gridtb":3,"gridmb":1.5,"count":false,"zoom":true,"irad":15,"btn-style":"btn7","btn-size":"btn-sm","text-align":"tl","pfs":12,"pfsm":12,"ft":"ft1","fs":17,"fsm":15,"lh":1.5,"fw":"500","cl":"#ffffff","tbg":"#000000","tbg_op":0,"carousel":true,"loop":false,"autoplay":false,"speed":5,"arrow":true,"arrowm":false,"dot":false,"dotm":false,"sw":false,"npd":false,"bg":"#ffffff","bgg":"","overlay":"#3d4246","overlay_op":1,"headings_cl":"","sst":100,"ssb":100,"sstm":30,"ssbm":30,"hidem":false,"hided":false,"pdr":5,"pdl":15}},"banner_new_design_drmRKB":{"type":"banner-new-design","blocks":{"collection_slide_h7T8Wh":{"type":"collection_slide","settings":{"collection":"shaurya-collection","pre_heading":"","custom_title":"","custom_description":"","desc_word_limit":25,"nav_title":""}},"collection_slide_7gNfTz":{"type":"collection_slide","settings":{"collection":"t-shirts","custom_image":"shopify:\/\/shop_images\/Lucid_Origin_A_confident_white_young_man_with_a_slender_build__0.jpg","pre_heading":"","custom_title":"","custom_description":"","desc_word_limit":25,"nav_title":""}},"collection_slide_xNfya9":{"type":"collection_slide","settings":{"collection":"urban-wear","custom_image":"shopify:\/\/shop_images\/Lucid_Origin_A_confident_white_young_man_with_a_slender_build__1.jpg","pre_heading":"","custom_title":"","custom_description":"","desc_word_limit":25,"nav_title":""}}},"block_order":["collection_slide_h7T8Wh","collection_slide_7gNfTz","collection_slide_xNfya9"],"name":"Hero News Slider","settings":{"bg_color":"#222222","text_color":"#ffffff","accent_color":"#ffffff"}},"product_slider_v2_GjWzmr":{"type":"product-slider-v2","disabled":true,"name":"Products Slider with Image","settings":{"title":"","background_image":false,"subtitle":"","align_items":"center","justify_content":"center","elg":false,"italic_font_selection":"primary","collection":"color-theory-collection","prbox_style":"grid_1","wd":"60","show_color_swatch":true,"show_vendor":false,"gridxxl":4,"grid":3,"gridtb":2,"gridmb":1.4,"rows":5,"show_view_all":"","btn-style":"btn1","btn-size":"btn-md","carousel":false,"loop":true,"autoplay":false,"speed":5,"arrow":true,"arrowm":false,"dot":false,"dotm":true,"sw":true,"npd":true,"bg":"#ffffff","bgg":"","bgimg":"shopify:\/\/shop_images\/Lucid_Origin_A_confident_young_white_man_seated_casually_in_a__1_1.jpg","overlay":"#000000","overlay_op":0,"headings_cl":"","sst":40,"ssb":40,"sstm":15,"ssbm":15,"hidem":false,"hided":false}},"product_slider_wgByjd":{"type":"product-slider","name":"Best Sellers","settings":{"title":"{{ section.settings.collection.title }}","background_image":false,"subtitle":"Unique T-shirts made in small batches for those who stand out.","align_items":"start","justify_content":"start","elg":false,"italic_font_selection":"secondary","collection":"polo-t-shirt","prbox_style":"grid_1","show_color_swatch":true,"show_vendor":false,"gridxxl":5,"grid":4,"gridtb":3,"gridmb":1.5,"rows":50,"show_view_all":"View all","btn-style":"btnLink","btn-size":"btn-md","carousel":true,"loop":false,"autoplay":false,"speed":5,"arrow":true,"arrowm":false,"dot":true,"dotm":true,"sw":true,"npd":false,"bg":"#ffffff","bgg":"","overlay":"#222222","overlay_op":0,"headings_cl":"","sst":40,"ssb":40,"sstm":30,"ssbm":30,"hidem":false,"hided":false}},"scrolling_parallex_rkz8YK":{"type":"scrolling-parallex","blocks":{"parallax_content_cdpCdP":{"type":"parallax_content","settings":{"bg_image":"shopify:\/\/shop_images\/Lucid_Origin_A_confident_young_man_wearing_a_plain_white_tshir_2.jpg","heading":"{{ block.settings.collection.title }}","subheading":"<p>Comfortable, everyday T-shirts that fit effortlessly into your style.<\/p>","show_view_all":"View All","collection":"trackline-collection","show_overlay":true,"overlay_color":"#000000","overlay_opacity":0.5,"height":400,"parallax_speed":0.1,"text_align":"left","max_width":600,"margin_top":0,"margin_bottom":0,"padding_x":20,"heading_color":"#ffffff","heading_size":48,"heading_weight":"700","heading_line_height":1.2,"heading_margin":20,"sub_color":"#ffffff","sub_size":18,"sub_weight":"400","sub_line_height":1.5}}},"block_order":["parallax_content_cdpCdP"],"name":"Polo","settings":{"title":"","subtitle":"","align_items":"center","justify_content":"center","elg":false,"enable_bg_text":true,"italic_font_selection":"primary","collection":"t-shirts","prbox_style":"grid_1","show_color_swatch":true,"show_vendor":false,"gridxxl":5,"grid":4,"gridtb":3,"gridmb":1.4,"rows":50,"show_view_all":"","btn-style":"btn1","btn-size":"btn-md","carousel":true,"loop":false,"autoplay":false,"speed":5,"arrow":true,"arrowm":false,"dot":false,"dotm":true,"sw":true,"npd":false,"bg":"#ffffff","bgg":"","overlay":"#000000","overlay_op":0,"headings_cl":"","sst":40,"ssb":40,"sstm":40,"ssbm":40,"hidem":false,"hided":false}},"scrolling_parallex_gNkwXJ":{"type":"scrolling-parallex","blocks":{"parallax_content_AiqhM4":{"type":"parallax_content","settings":{"bg_image":"shopify:\/\/shop_images\/Lucid_Origin_A_confident_young_slender_person_wearing_a_plain__0_3_2835cf06-48eb-40a7-8895-20f89cfd54eb.jpg","heading":"{{ block.settings.collection.title }}","subheading":"<p>{{ block.settings.collection.metafields.collection.short_discription | metafield_tag }}<\/p>","show_view_all":"View All","collection":"urban-wear","show_overlay":true,"overlay_color":"#000000","overlay_opacity":0.5,"height":400,"parallax_speed":0.1,"text_align":"left","max_width":600,"margin_top":0,"margin_bottom":0,"padding_x":20,"heading_color":"#ffffff","heading_size":48,"heading_weight":"700","heading_line_height":1.2,"heading_margin":20,"sub_color":"#ffffff","sub_size":18,"sub_weight":"400","sub_line_height":1.5}},"scroll_text_top_TwXw7C":{"type":"scroll_text_top","settings":{"text":"PREMIUM QUALITY","show_icon":true,"icon_path":"M12 2l3.09 6.26L22 9.27l-5 4.87 1.18 6.88L12 17.77l-6.18 3.25L7 14.14 2 9.27l6.91-1.01L12 2z","location":20,"rotate":2,"overlay_enable":true,"duplicates":15,"text_color":"#ffffff","bg_color":"#b90000","icon_color":"#ffffff","font_size":16,"icon_size":18,"rotation":0,"speed":25,"padding":15,"gap":40,"text_gap":12,"spacing":40,"font_weight":"500"}}},"block_order":["parallax_content_AiqhM4","scroll_text_top_TwXw7C"],"name":"Graphic Tees","settings":{"title":"","subtitle":"","align_items":"center","justify_content":"center","elg":false,"enable_bg_text":true,"italic_font_selection":"primary","collection":"urban-wear","prbox_style":"grid_1","show_color_swatch":true,"show_vendor":false,"gridxxl":5,"grid":4,"gridtb":3,"gridmb":1.4,"rows":50,"show_view_all":"","btn-style":"btn1","btn-size":"btn-md","carousel":true,"loop":false,"autoplay":false,"speed":5,"arrow":true,"arrowm":false,"dot":false,"dotm":true,"sw":true,"npd":false,"bg":"#ffffff","bgg":"","overlay":"#000000","overlay_op":0,"headings_cl":"","sst":60,"ssb":60,"sstm":40,"ssbm":40,"hidem":false,"hided":false}},"scrolling_parallex_KeEmgg":{"type":"scrolling-parallex","blocks":{"parallax_content_FAmq76":{"type":"parallax_content","settings":{"bg_image":"shopify:\/\/shop_images\/Lucid_Origin_A_confident_young_slender_person_wearing_a_plain__1_2.jpg","heading":"{{ block.settings.collection.title }}","subheading":"<p>{{ block.settings.collection.metafields.collection.short_discription | metafield_tag }}<\/p>","show_view_all":"View All","collection":"ash-dune","show_overlay":true,"overlay_color":"#000000","overlay_opacity":0.2,"height":400,"parallax_speed":0.1,"text_align":"left","max_width":600,"margin_top":0,"margin_bottom":0,"padding_x":20,"heading_color":"#ffffff","heading_size":48,"heading_weight":"700","heading_line_height":1.2,"heading_margin":20,"sub_color":"#ffffff","sub_size":18,"sub_weight":"400","sub_line_height":1.5}}},"block_order":["parallax_content_FAmq76"],"name":"Heading Cursed","settings":{"title":"","subtitle":"","align_items":"center","justify_content":"center","elg":false,"enable_bg_text":true,"italic_font_selection":"primary","collection":"ash-dune","prbox_style":"grid_1","show_color_swatch":true,"show_vendor":false,"gridxxl":5,"grid":4,"gridtb":3,"gridmb":1.4,"rows":50,"show_view_all":"","btn-style":"btn1","btn-size":"btn-md","carousel":true,"loop":false,"autoplay":false,"speed":5,"arrow":true,"arrowm":false,"dot":false,"dotm":true,"sw":true,"npd":false,"bg":"#ffffff","bgg":"","overlay":"#000000","overlay_op":0,"headings_cl":"","sst":60,"ssb":60,"sstm":40,"ssbm":40,"hidem":false,"hided":false}},"beyond_WiQwzn":{"type":"beyond","blocks":{"text_slide_RcJdRN":{"type":"text_slide","settings":{"heading":"A blessing for \n every skin."}},"image_slide_c6B44H":{"type":"image_slide","settings":{"image":"shopify:\/\/shop_images\/Lucid_Origin_A_confident_young_slender_person_wearing_a_bright_2.jpg","heading":""}},"text_slide_xHrRFp":{"type":"text_slide","settings":{"heading":"The perfect mix of \n old & new."}},"image_slide_xYW9LX":{"type":"image_slide","settings":{"image":"shopify:\/\/shop_images\/Lucid_Origin_A_confident_young_slender_person_wearing_a_plain__0_2.jpg","heading":""}},"text_slide_fBPHUE":{"type":"text_slide","settings":{"heading":"A journey over borders \n & generations."}},"image_slide_PHPQUf":{"type":"image_slide","settings":{"image":"shopify:\/\/shop_images\/Lucid_Origin_exquisite_high_fashion_photography_of_A_confident_3.jpg","heading":""}},"text_slide_fhFLDQ":{"type":"text_slide","settings":{"heading":"You are the \n stylist."}},"image_slide_f3Cjzg":{"type":"image_slide","settings":{"image":"shopify:\/\/shop_images\/Lucid_Origin_A_confident_young_slender_person_wearing_a_plain__0.jpg","heading":""}},"text_slide_pdAHpJ":{"type":"text_slide","settings":{"heading":"To be on the \n forefront."}},"image_slide_dPKAWi":{"type":"image_slide","settings":{"image":"shopify:\/\/shop_images\/Lucid_Origin_exquisite_high_fashion_photography_of_A_confident_0.jpg","heading":""}}},"block_order":["text_slide_RcJdRN","image_slide_c6B44H","text_slide_xHrRFp","image_slide_xYW9LX","text_slide_fBPHUE","image_slide_PHPQUf","text_slide_fhFLDQ","image_slide_f3Cjzg","text_slide_pdAHpJ","image_slide_dPKAWi"],"disabled":true,"name":"Hero Image Text Slider","settings":{"section_height":500,"section_height_mobile":300,"background_color":"#222222","text_color":"#ffffff","overlay_opacity":65,"font_family":"Helvetica","heading_size":64,"heading_size_mobile":30,"font_weight":"400","center_scale":1.2,"autoplay":true,"autoplay_speed":2400,"transition_speed":1800}},"album_Ra9PJf":{"type":"album","name":"Pro Album Scatter","settings":{"scroll_height":200,"show_background_grid":true,"main_image":"shopify:\/\/shop_images\/Lucid_Origin_A_stylish_young_man_wearing_a_clean_white_plain_t_0.jpg","image_size":600,"radius_attached":10,"radius_scattered":10,"enable_split":true,"split_heading":"TrackLine Collection","split_text":"<p>As the atmosphere darkens, the pieces scatter. Experience the gritty reality of the soundscape.<\/p>","bg_color":"#ffffff","text_color":"#222222","anim_style":"style-1","anim_speed":50}},"scroling_text_nhJEGa":{"type":"scroling-text","blocks":{"text_9Rc6RY":{"type":"text","settings":{"text":"Enjoy free shipping on all orders above ₹199","outline":false}},"text_rmqQf9":{"type":"text","settings":{"text":"Avail exclusive discounts for a limited time only","outline":false}},"text_fDNFpQ":{"type":"text","settings":{"text":"Discover new deals and offers updated every day","outline":false}}},"block_order":["text_9Rc6RY","text_rmqQf9","text_fDNFpQ"],"name":"Scrolling Text","settings":{"ff":"ft1","rotate_enable":true,"rotate_deg":0,"fs":28,"fsm":20,"fw":"400","cl":"#ffffff","space":40,"icon":"star","custom_svg":"Free shipping on order over $199","icns":16,"speed":20,"speedm":15,"bg":"#b90000","bgg":"","overlay":"#3d4246","overlay_op":0,"sst":60,"ssb":0,"sstm":40,"ssbm":5,"msb":10,"hidem":false,"hided":false}},"product_slider_yQdtpy":{"type":"product-slider","name":"Best Sellers","settings":{"title":"Complete Collection","background_image":false,"subtitle":"","align_items":"start","justify_content":"start","elg":false,"italic_font_selection":"secondary","collection":"t-shirts","prbox_style":"grid_1","show_color_swatch":true,"show_vendor":false,"gridxxl":5,"grid":4,"gridtb":3,"gridmb":1.5,"rows":50,"show_view_all":"View all","btn-style":"btnLink","btn-size":"btn-md","carousel":false,"loop":false,"autoplay":false,"speed":5,"arrow":true,"arrowm":false,"dot":true,"dotm":true,"sw":true,"npd":false,"bg":"#ffffff","bgg":"","overlay":"#222222","overlay_op":0,"headings_cl":"","sst":40,"ssb":60,"sstm":30,"ssbm":30,"hidem":false,"hided":false}},"scroll_section_banner_f9QHWg":{"type":"scroll-section-banner","name":"Scrolled Images Banner","settings":{"heading":"Unmatched Elegance","subheading":"<p>Explore our curated selection of premium products, thoughtfully designed to elevate your everyday life. Each piece blends style, comfort, and functionality for a seamless experience. Crafted with precision and care, our collection ensures durability and lasting value. Discover quality you can trust in every detail.<\/p>","show_view_all":"View All","collection":"","image_1":"shopify:\/\/shop_images\/Lucid_Origin_A_confident_white_young_man_with_a_slender_build__1.jpg","image_2":"shopify:\/\/shop_images\/Lucid_Origin_A_confident_young_slender_person_with_full_face_c_2.jpg","image_3":"shopify:\/\/shop_images\/Lucid_Origin_A_confident_white_young_man_with_a_slender_build__0.jpg","image_4":"shopify:\/\/shop_images\/Lucid_Origin_A_confident_young_man_wearing_a_light_dune_brown__2.jpg","image_5":"shopify:\/\/shop_images\/Generated_Image_September_09_2025_-_8_11PM.jpg","media_height":"media--600px","fs":20,"fsm":18,"fw":"600","cl":"#000000","bcl":"#000000","bd":"#eeeeee","fbg":"#f4f4f4","sw":true,"npd":true,"sst":30,"ssb":80,"sstm":15,"ssbm":30,"bg":"","parallax_speed":1.5,"spacing_top_desktop":80,"spacing_top_mobile":20,"animate_delay_base":250,"animate_delay_increment":30}},"section_banner_EHNaci":{"type":"section-banner","blocks":{"media_FgQM6X":{"type":"media","settings":{"media_type":"image","image":"shopify:\/\/shop_images\/Lucid_Origin_Shot_from_a_slightly_low_angle_looking_up_a_young_2.jpg","video_source":"youtube","video_url":"https:\/\/www.youtube.com\/watch?v=gapBX5mlCjU","media_fit":"cover","media_position":"center","video_aspect_ratio":60,"media_height":600,"media_height_tablet":400,"media_height_mobile":400}},"content_mzEQQ8":{"type":"content","settings":{"subheading":"","heading":"<h2><em>Seriously Not Serious<\/em><\/h2>","text":"<p>Turn heads and spark smiles with tees that speak your vibe. Our \"I’m Not Sleeping, I’m Just Resting My Eyes\" t-shirt blends laid-back comfort with retro charm — perfect for everyday chill and casual sarcasm.<\/p><p><\/p>","text_align":"left","content_padding":30,"content_padding_tablet":30,"content_padding_mobile":0,"btntxt":"Shop the Fun Edit","url":"shopify:\/\/collections\/seriously-not-serious","newtab":false,"btn_size":"btn-md","btn_style":"btnLink"}}},"block_order":["media_FgQM6X","content_mzEQQ8"],"custom_css":[".btnLink {width: fit-content;}"],"name":"Section Banner","settings":{"sw":true,"npd":true,"order":"image","italic_fancy_font":true,"italic_outline":false,"italic_font_selection":"secondary","media_radius":"0 25px 0 0","media_radius_mobile":"25px","bg":"#ffffff","bgg":"","overlay":"#222222","overlay_op":0.5,"rounded":0,"section_padding":"","section_margin":"72px 0px 0px","blocks_gap":0,"sst":36,"ssb":0,"sstm":20,"ssbm":0,"hidem":false,"hided":false,"section_link":""}},"section_banner_qkdNTE":{"type":"section-banner","blocks":{"media_nH74BE":{"type":"media","settings":{"media_type":"image","image":"shopify:\/\/shop_images\/Lucid_Realism_A_side_profile_shot_at_eye_level_the_young_man_s_2_dc34fb08-082e-47b9-b769-37a7e84ae34c.jpg","video_source":"custom","video_url":"https:\/\/cdn.shopify.com\/videos\/c\/o\/v\/db072c294c75419785dc53aa8622dfce.mp4","media_fit":"cover","media_position":"center","video_aspect_ratio":60,"media_height":600,"media_height_tablet":400,"media_height_mobile":400}},"content_BFmr96":{"type":"content","settings":{"subheading":"","heading":"<h2><em>Powered Up Graphics<\/em><\/h2>","text":"<p>At <strong>Teevore<\/strong>, we design clothing that empowers self-expression and bold identity. Each piece blends comfort, quality, and fearless style for those who lead with confidence.<br\/><br\/><\/p>","text_align":"left","content_padding":30,"content_padding_tablet":30,"content_padding_mobile":0,"btntxt":"Shop Hero Tees","url":"shopify:\/\/collections\/legends-of-marvel","newtab":false,"btn_size":"btn-md","btn_style":"btnLink"}}},"block_order":["media_nH74BE","content_BFmr96"],"custom_css":[".btnLink {width: fit-content;}"],"name":"Section Banner","settings":{"sw":true,"npd":true,"order":"text","italic_fancy_font":false,"italic_outline":false,"italic_font_selection":"secondary","media_radius":"0 0 0 25px","media_radius_mobile":"25px","bg":"#ffffff","bgg":"","overlay":"#222222","overlay_op":0.5,"rounded":0,"section_padding":"","section_margin":"0px 0px 70px","blocks_gap":0,"sst":0,"ssb":40,"sstm":20,"ssbm":0,"hidem":false,"hided":false,"section_link":""}},"background_video_v2_qUMgyG":{"type":"background-video-v2","name":"Video","settings":{"heading":"","heading_size":"h1","enable_video_looping":true,"video":"shopify:\/\/files\/videos\/LOGO Glitch_1080p.mp4","video_url":"https:\/\/www.youtube.com\/watch?v=_9VUPq3SxOc","description":"","video_height":200,"full_width":true,"padding_top":40,"padding_bottom":40}},"instagram_rich_text_h6pNwj":{"type":"instagram-rich-text","blocks":{"heading_LzEMyE":{"type":"heading","settings":{"heading":"@Teevore.official","grid_position":"1","grid_alignment":"left","cl":"#222222","fs":28,"fsm":24,"fw":700,"lh":1.2,"mb":20,"tff":"font1"}},"text_CkUVqr":{"type":"text","settings":{"text":"<ul><li>🧢 Bold | Urban | Real<\/li><li>🖤 Limited Drops | Premium Tees<\/li><li>🎯 Designed for the streets, worn by icons<\/li><li>📦 Shipping PAN... more<\/li><\/ul>","grid_position":"5","grid_alignment":"left","cl":"#222222","fs":13,"fsm":12,"fw":400,"lh":1.5,"mb":0,"image_enable":true,"image":"shopify:\/\/shop_images\/favi_icon_logo.png","image_type":"svg","svg_code":"<svg width=\"74\" height=\"82\" viewbox=\"0 0 74 82\" fill=\"none\" xmlns=\"https:\/\/www.w3.org\/2000\/svg\">\n<g clip-path=\"url(#clip0_354_33340)\">\n<path d=\"M63.4061 28.191C65.2899 27.9648 67.2416 27.3239 69.1351 27.192C69.9022 27.1354 74.2232 26.8432 73.1163 28.0779C72.6696 28.568 67.4358 30.3777 66.2998 30.8678C63.0954 32.2722 60.0173 34.063 56.6576 35.0809C41.3932 33.5352 26.0998 32.2439 10.7577 31.6218L10.379 31.2543C10.3499 28.0402 10.8063 24.8262 11.1073 21.631C11.2918 19.6234 11.1073 17.2389 11.6899 15.2595C12.1657 13.6572 16.778 7.00299 18.1569 6.18299C24.6044 3.97747 31.0714 1.6023 37.6937 0C42.8595 2.27149 50.3945 3.41195 55.2108 6.05103C57.0363 7.05011 61.4253 13.3933 62.1438 15.4198C63.5227 19.3218 63.4061 24.1099 63.4158 28.1816L63.4061 28.191Z\" fill=\"#222222\"><\/path>\n<path d=\"M42.617 54.4408C44.0444 54.8555 41.7237 56.5992 41.209 56.9197C43.4715 57.2307 44.3066 56.5615 45.229 54.6953C48.8995 53.9884 56.7258 53.7905 58.93 50.4728C59.5612 49.5114 61.2993 42.433 61.3479 41.1606C61.3964 39.9542 60.94 38.71 60.0953 37.8523C61.6683 37.8523 63.6589 34.7891 64.7464 37.4188C65.0377 38.1257 64.7756 40.9815 64.6493 41.9052C64.2998 44.5254 62.4451 50.19 60.6002 52.0939C59.7554 52.9611 58.0367 53.9224 56.7938 53.9696C55.9976 57.4004 57.2113 61.6323 55.9587 64.9218C55.2111 66.8822 49.0548 74.3847 47.3264 76.3546C44.6464 79.4273 43.1996 80.8411 38.7815 81.1898C34.8586 81.5008 29.2267 81.482 26.1777 78.8146C22.3811 75.4781 19.0019 69.2197 15.4772 65.4213C14.1372 61.7926 14.8751 57.8716 14.6324 54.1015C13.8264 53.5077 13.0885 53.3758 12.234 52.716C9.7676 50.7932 8.21397 45.8167 7.60224 42.8477C7.31093 41.4528 6.28168 37.5036 7.84499 36.7873C9.40832 36.0709 10.1366 37.9466 11.6125 37.8429L11.3601 32.8946L53.4535 36.8627C53.5118 37.2962 52.8709 37.0983 52.5602 37.1077C41.8596 37.5319 30.858 36.7401 20.138 37.0983C18.4193 37.1549 15.953 37.202 14.3119 37.3811C11.1173 37.7392 10.8066 39.0211 11.1561 41.8769C11.3795 43.696 12.5156 47.8243 13.1953 49.5585C14.1566 51.9903 16.6035 52.716 18.9922 53.3381C20.5361 53.7434 26.6438 54.4031 27.275 54.9592C27.6245 55.2703 27.7799 55.9677 28.1974 56.2976C28.9354 56.8914 30.5958 57.1176 31.4989 56.8066C30.6056 55.9866 29.5374 55.8923 29.4598 54.4503H42.5976L42.617 54.4408ZM26.9254 62.6126C27.9935 65.3553 30.557 66.3732 33.4215 66.5806C37.0919 66.8539 42.0538 66.7126 43.7628 62.9801C43.7337 62.6031 39.7331 61.3873 39.0534 61.359C37.8105 61.3024 37.0531 61.868 35.985 61.8962C34.4605 61.9339 33.1593 61.1893 31.4115 61.4061C29.9647 61.5852 28.4985 62.7257 26.9254 62.622V62.6126Z\" fill=\"#222222\"><\/path>\n<\/g>\n<defs>\n<clippath id=\"clip0_354_33340\">\n<rect width=\"67\" height=\"82\" fill=\"white\" transform=\"translate(7)\"><\/rect>\n<\/clippath>\n<\/defs>\n<\/svg>","enable_border":true,"image_width":100,"image_height":100}},"button_wreRy7":{"type":"button","settings":{"btntxt":"Follow Us","url":"shopify:\/\/collections","btn-style":"btn7","btn-size":"btn-lg","grid_position":"5","grid_alignment":"right","btn_style":"btn-primary","btn_size":"btn-small","justify_content":"center","newtab":false}}},"block_order":["heading_LzEMyE","text_CkUVqr","button_wreRy7"],"name":"Instagram Richtext","settings":{"grid_columns":"2","grid_rows":"3","gap_direction":0,"align_items":"center","max_width":1400,"show_column_bg":false,"enable_left_border":false,"border_thickness":2,"border_color":"#222222","tagg":"fl","lefta":true,"italic_fancy_font":false,"italic_font_selection":"primary","bg":"#ffffff","bgg":"#ffffff","overlay":"#2222224d","overlay_op":0.3,"ganim":false,"sst":60,"ssb":0,"sstm":20,"ssbm":15,"sw":true,"maxwd":100,"left_align":true,"hidem":false,"hided":false,"animsp":1,"btn_bg_color":"#007bff","btn_text_color":"#ffffff","image_border_radius":25,"image_wrapper_width":60,"image_wrapper_height":60,"image_block_margin":20}},"175396395790ca3829":{"type":"apps","blocks":{"gsc_instagram_feed_instafeed_MHMBkg":{"type":"shopify:\/\/apps\/gsc-instagram-feed\/blocks\/instafeed\/96970b1b-b770-454f-b16b-51f47e1aa4ed","settings":{"widget_id":"GSC-MvpNSQfgNXvTlAy"}}},"block_order":["gsc_instagram_feed_instafeed_MHMBkg"],"settings":{"sst":30,"ssb":30,"sstm":15,"ssbm":15,"bg":"","sw":false}},"social_overlays_9xf7qe":{"type":"social-overlays","blocks":{"card_J6pF7k":{"type":"card","settings":{"link":"shopify:\/\/policies\/contact-information","open_in_new_tab":false,"aria_label":"","svg_code":"<svg xmlns=\"https:\/\/www.w3.org\/2000\/svg\" width=\"48\" height=\"48\" fill=\"currentColor\" viewbox=\"0 0 16 16\">\n  <path d=\"M13.601 2.326A7.85 7.85 0 0 0 7.994 0C3.627 0 .068 3.558.064 7.926c0 1.399.366 2.76 1.057 3.965L0 16l4.204-1.102a7.9 7.9 0 0 0 3.79.965h.004c4.368 0 7.926-3.558 7.93-7.93A7.9 7.9 0 0 0 13.6 2.326zM7.994 14.521a6.6 6.6 0 0 1-3.356-.92l-.24-.144-2.494.654.666-2.433-.156-.251a6.56 6.56 0 0 1-1.007-3.505c0-3.626 2.957-6.584 6.591-6.584a6.56 6.56 0 0 1 4.66 1.931 6.56 6.56 0 0 1 1.928 4.66c-.004 3.639-2.961 6.592-6.592 6.592m3.615-4.934c-.197-.099-1.17-.578-1.353-.646-.182-.065-.315-.099-.445.099-.133.197-.513.646-.627.775-.114.133-.232.148-.43.05-.197-.1-.836-.308-1.592-.985-.59-.525-.985-1.175-1.103-1.372-.114-.198-.011-.304.088-.403.087-.088.197-.232.296-.346.1-.114.133-.198.198-.33.065-.134.034-.248-.015-.347-.05-.099-.445-1.076-.612-1.47-.16-.389-.323-.335-.445-.34-.114-.007-.247-.007-.38-.007a.73.73 0 0 0-.529.247c-.182.198-.691.677-.691 1.654s.71 1.916.81 2.049c.098.133 1.394 2.132 3.383 2.992.47.205.84.326 1.129.418.475.152.904.129 1.246.08.38-.058 1.171-.48 1.338-.943.164-.464.164-.86.114-.943-.049-.084-.182-.133-.38-.232\"><\/path>\n<\/svg>"}}},"block_order":["card_J6pF7k"],"name":"Social Icon Card (Overlay)","settings":{"dkbp":55,"dkrp":55,"mbbp":20,"mbrp":20,"svg_code_size":1,"card_size":60,"mbcs":55,"icon_size":36,"mbis":20,"card_gap":0.5,"cab":"#ffffff","dbr":90,"hover_scale":110,"show_one_by_one":false,"en_card1":false,"en_card2":false,"en_card3":false,"en_card4":false,"card1_color":"#198754","card1_hover_bg":"#198754","card1_hover_color":"#ffffff","card2_color":"#03a9f4","card2_hover_bg":"#03a9f4","card2_hover_color":"#ffffff","card3_color":"#333333","card3_hover_bg":"#000000","card3_hover_color":"#ffffff","card4_color":"#8c9eff","card4_hover_bg":"#8c9eff","card4_hover_color":"#ffffff"}},"faq_6mwa9x":{"type":"faq","blocks":{"faqs_1":{"type":"faqs","settings":{"title":"What sizes are available for Teevore T-shirts?","answer":"<p>Our T-shirts are available in sizes XS to XXL. Please refer to the size guide on each product page for exact measurements.<\/p>","open":false}},"faqs_2":{"type":"faqs","settings":{"title":"What material are your T-shirts made from?","answer":"<p>Teevore T-shirts are made from 100% premium cotton, offering a soft, breathable, and long-lasting wear.<\/p>","open":false}},"faqs_3":{"type":"faqs","settings":{"title":"How should I wash and care for my T-shirt?","answer":"<p>We recommend machine washing cold with like colors and tumble drying on low. Avoid bleach and ironing directly on prints.<\/p>","open":false}},"faqs_4":{"type":"faqs","settings":{"title":"Do you offer international shipping?","answer":"<p>Yes, Teevore ships worldwide. Shipping rates and delivery times vary based on your location.<\/p>","open":false}},"faqs_5":{"type":"faqs","settings":{"title":"Can I return or exchange my T-shirt?","answer":"<p>Yes, we offer a 7-day return and exchange policy on unused items with original packaging and tags.<\/p>","open":false}},"faqs_6":{"type":"faqs","settings":{"title":"How long does delivery take?","answer":"<p>Orders are typically delivered within 3-7 business days in India, and 7-15 business days internationally.<\/p>","open":false}},"newsletter_tqhWqT":{"type":"newsletter","disabled":true,"settings":{"title":"","subtitle":"Sign up to stay in the loop. Receive updates,<br> access to exclusive deals, and more.","style":"1","fs":22,"fsm":18,"fst":14,"fstm":13,"cl":"#000000","tf_bg":"#eeeeee","tf_txt":"#000000","btncl":"#ffffff","btnbg":"#000000","btnclh":"#ffffff","btnbgh":"#86bbbf","sw":true,"npd":true,"bg":"#222222","bgg":"","overlay":"#3d4246","overlay_op":0,"headings_cl":"","sst":40,"ssb":40,"sstm":15,"ssbm":15,"hidem":false,"hided":false}}},"block_order":["faqs_1","faqs_2","faqs_3","faqs_4","faqs_5","faqs_6","newsletter_tqhWqT"],"custom_css":[],"name":"FAQs","settings":{"title":"Need Help? Start Here","subtitle":"Answers to common questions about our T-shirts, shipping, and returns.","enable_small_card":true,"enable_faq_only":true,"italic_font_selection":"secondary","page_width":2000,"accor":true,"acc_style":"1","tcl":"#ffffff","tfs":15,"tfsm":14,"tfw":"500","qu":"#ffffff","fs":13,"fsm":12,"fw":"400","an":"#ffffff","fst":13,"fsmt":13,"bdr":"#535353","links":false,"lfs":14,"lfsm":19,"lfw":"500","lcl":"#222222","lclh":"#222222","lbg":"#222222","lbd":"#acacac","sw":true,"bg":"#190306","bgg":"","overlay":"#3d4246","overlay_op":0,"headings_cl":"","sst":60,"ssb":40,"sstm":40,"ssbm":50,"hidem":false,"hided":false}}},"order":["slideshow_9343dN","richtext_v2_maBnQ4","scroling_text_fdeDHJ","product_slider_AJHwjn","product_slider_YDUKFX","featured_banner_UVCKif","collection_list2_Nhz7Qe","banner_new_design_drmRKB","product_slider_v2_GjWzmr","product_slider_wgByjd","scrolling_parallex_rkz8YK","scrolling_parallex_gNkwXJ","scrolling_parallex_KeEmgg","beyond_WiQwzn","album_Ra9PJf","scroling_text_nhJEGa","product_slider_yQdtpy","scroll_section_banner_f9QHWg","section_banner_EHNaci","section_banner_qkdNTE","background_video_v2_qUMgyG","instagram_rich_text_h6pNwj","175396395790ca3829","social_overlays_9xf7qe","faq_6mwa9x"]}