{"sections":{"devider_Vd8QzK":{"type":"devider","name":"Devider","settings":{"isbdr":false,"lns":"solid","lht":1,"bdr":"#ffffff","sw":true,"npd":true,"bg":"#ffffff","bgg":"","sst":25,"ssb":25,"sstm":10,"ssbm":10,"hidem":false,"hided":false}},"breadcrumb":{"type":"breadcrumb","settings":{"sw":true,"hidemb":false,"tc":false}},"main":{"type":"main-list-collections","settings":{"title":"All Collections 2025","subtitle":"Expect fashion that focuses on influence, charm, and seduction","sort":"products_high","style":"3","ratio":"img","gspace":10,"gspacem":10,"grid":4,"gridtb":2,"gridmb":1,"count":true,"zoom":true,"irad":10,"ft":"ft1","fs":17,"fsm":13,"fw":"500","cl":"#ffffff","tbg":"#ffffff","tbg_op":0.9,"drad":6,"tbp":18,"sw":false,"npd":true,"bg":"","bgg":"","overlay":"#000000","overlay_op":0.7,"headings_cl":"rgba(0,0,0,0)","sst":0,"ssb":100,"sstm":20,"ssbm":60,"hidem":false,"hided":false}}},"order":["devider_Vd8QzK","breadcrumb","main"]}