{"sections":{"breadcrumb":{"type":"breadcrumb","settings":{"sw":false,"hidemb":false,"tc":false}},"banner":{"type":"page-banner","blocks":{"title":{"type":"title","settings":{"htag":"h2","tff":"ft1","fts":60,"ftsm":20,"fw":"500","tuu":false,"cl":"#222222","mb":0,"mbm":0}}},"block_order":["title"],"settings":{"hit":100,"hitt":100,"hitm":100,"bg":"#ffffff","bgg":"","overlay":"#000","overlay_op":0,"cntwd":1000,"text-align":true}},"main":{"type":"main-page","settings":{"hidettl":true,"hide_hdft":false,"sst":0,"ssb":0,"sstm":0,"ssbm":0,"bg":"","sw":false}}},"order":["breadcrumb","banner","main"]}