{"sections":{"breadcrumb":{"type":"breadcrumb","settings":{"sw":false,"hidemb":false,"tc":false}},"richtext_v2_egYFMh":{"type":"richtext-v2","blocks":{"heading_aYhLV7":{"type":"heading","settings":{"heading":"Frequently Asked Questions","grid_position":"1","grid_alignment":"left","cl":"#000000","lh":1.3,"mb":20,"tff":""}},"text_TQ96pN":{"type":"text","settings":{"text":"<p>Get Answers to Your Burning Questions in our Extensive FAQ Database<\/p>","grid_position":"5","grid_alignment":"left","cl":"#333333","fs":13,"fsm":12,"fw":400,"lh":1.5,"mb":20,"image_enable":false,"image_type":"image","svg_code":"","image_width":60,"image_height":60}}},"block_order":["heading_aYhLV7","text_TQ96pN"],"name":"2-Column Rich Text","settings":{"grid_columns":"1","grid_rows":"2","gap_direction":0,"align_items":"flex-start","max_width":1200,"show_column_bg":false,"enable_left_border":false,"border_thickness":2,"border_color":"#000000","tagg":"tagl","lefta":true,"enable_fancy":false,"italic_fancy_font":true,"italic_font_selection":"secondary","bg":"rgba(0,0,0,0)","bgg":"","overlay":"#000000","overlay_op":0,"ganim":false,"sst":60,"ssb":60,"sstm":40,"ssbm":40,"sw":true,"maxwd":100,"left_align":false,"hidem":false,"hided":false,"animsp":1,"btn_bg_color":"#007bff","btn_text_color":"#ffffff","image_border_radius":25,"image_wrapper_width":60,"image_wrapper_height":60,"image_block_margin":20}},"banner":{"type":"page-banner","disabled":true,"settings":{"hit":220,"hitt":220,"hitm":150,"bg":"#f4f4f4","bgg":"","overlay":"#000","overlay_op":0,"cntwd":1000,"text-align":true}},"main":{"type":"main-page","disabled":true,"settings":{"hidettl":true,"hide_hdft":false,"sst":0,"ssb":0,"sstm":0,"ssbm":0,"bg":"","sw":false}},"faq_3FhrGJ":{"type":"faq","blocks":{"ttl_hjdNV7":{"type":"ttl","settings":{"title":"Shipping & Delivery","content_svg":"<svg width=\"24\" height=\"24\" viewbox=\"0 0 24 24\" fill=\"none\" xmlns=\"http:\/\/www.w3.org\/2000\/svg\">\n<path d=\"M15.001 2V12C15.001 13.1 14.101 14 13.001 14H2.00098V6C2.00098 3.79 3.79098 2 6.00098 2H15.001Z\" stroke=\"#292D32\" stroke-width=\"1.5\" stroke-linecap=\"round\" stroke-linejoin=\"round\"><\/path>\n<path d=\"M22.001 14V17C22.001 18.66 20.661 20 19.001 20H18.001C18.001 18.9 17.101 18 16.001 18C14.901 18 14.001 18.9 14.001 20H10.001C10.001 18.9 9.10098 18 8.00098 18C6.90098 18 6.00098 18.9 6.00098 20H5.00098C3.34098 20 2.00098 18.66 2.00098 17V14H13.001C14.101 14 15.001 13.1 15.001 12V5H16.841C17.561 5 18.221 5.39001 18.581 6.01001L20.291 9H19.001C18.451 9 18.001 9.45 18.001 10V13C18.001 13.55 18.451 14 19.001 14H22.001Z\" stroke=\"#292D32\" stroke-width=\"1.5\" stroke-linecap=\"round\" stroke-linejoin=\"round\"><\/path>\n<path d=\"M8.00098 22C9.10555 22 10.001 21.1046 10.001 20C10.001 18.8954 9.10555 18 8.00098 18C6.89641 18 6.00098 18.8954 6.00098 20C6.00098 21.1046 6.89641 22 8.00098 22Z\" stroke=\"#292D32\" stroke-width=\"1.5\" stroke-linecap=\"round\" stroke-linejoin=\"round\"><\/path>\n<path d=\"M16.001 22C17.1055 22 18.001 21.1046 18.001 20C18.001 18.8954 17.1055 18 16.001 18C14.8964 18 14.001 18.8954 14.001 20C14.001 21.1046 14.8964 22 16.001 22Z\" stroke=\"#292D32\" stroke-width=\"1.5\" stroke-linecap=\"round\" stroke-linejoin=\"round\"><\/path>\n<path d=\"M22.001 12V14H19.001C18.451 14 18.001 13.55 18.001 13V10C18.001 9.45 18.451 9 19.001 9H20.291L22.001 12Z\" stroke=\"#292D32\" stroke-width=\"1.5\" stroke-linecap=\"round\" stroke-linejoin=\"round\"><\/path>\n<\/svg>"}},"faqs_UijAtk":{"type":"faqs","settings":{"title":"What are the shipping charges in India?","answer":"<p>We offer affordable shipping across India:<\/p><ul><li><strong>Free Shipping<\/strong>: On orders above ₹999 across India<\/li><li><strong>Standard Shipping<\/strong>: ₹99 for orders below ₹999<\/li><li><strong>Express Shipping<\/strong>: ₹199 (Metro cities), ₹299 (Non-metro cities)<\/li><li><strong>Cash on Delivery<\/strong>: Additional ₹50 charges apply<\/li><\/ul>","open":false}},"faqs_KJ3Ugz":{"type":"faqs","settings":{"title":"How long does delivery take in India?","answer":"<p><strong>Metro Cities<\/strong> (Delhi, Mumbai, Bangalore, Chennai, Kolkata, Hyderabad, Pune):<\/p><ul><li>Standard: 2-4 business days<\/li><li>Express: 1-2 business days<\/li><\/ul><p><strong>Tier-2 Cities<\/strong> (Ahmedabad, Surat, Jaipur, Lucknow, Kanpur, Nagpur, Indore, Bhopal):<\/p><ul><li>Standard: 3-5 business days<\/li><li>Express: 2-3 business days<\/li><\/ul><p><strong>Other Cities\/Towns<\/strong>:<\/p><ul><li>Standard: 4-7 business days<\/li><li>Express: 3-5 business days<\/li><\/ul>","open":false}},"faqs_mBd7Qc":{"type":"faqs","settings":{"title":"Which courier partners do you use?","answer":"<p>We partner with India's most reliable logistics providers:<\/p><ul><li><strong>Delhivery<\/strong> - Primary partner for pan-India delivery<\/li><li><strong>Blue Dart<\/strong> - Express deliveries<\/li><li><strong>DTDC<\/strong> - Tier-2 and Tier-3 cities<\/li><li><strong>India Post<\/strong> - Remote locations and COD orders<\/li><\/ul>","open":false}},"faqs_7xXJci":{"type":"faqs","settings":{"title":"Can I track my order?","answer":"<h3><\/h3><p>Yes! Once your order is dispatched, you'll receive:<\/p><ul><li>SMS with tracking number<\/li><li>Email with tracking link<\/li><li>WhatsApp updates (if opted in)<\/li><li>Track through your Teevore account dashboard<\/li><\/ul>","open":false}},"faqs_LaeXVK":{"type":"faqs","settings":{"title":"Can I change my delivery address after ordering?","answer":"<p>Address changes are possible only if:<\/p><ul><li>Request made within 2 hours of order placement<\/li><li>Order hasn't been dispatched yet<\/li><li>Contact us immediately at <a href=\"mailto:support@teevore.com\">support@teevore.com<\/a> or WhatsApp: +91-7827232156<\/li><\/ul>","open":false}},"faqs_YbdhPr":{"type":"faqs","settings":{"title":"Do you deliver to remote areas in India?","answer":"<p>Yes, we deliver across India including remote areas through India Post and regional courier partners. Delivery may take 7-10 business days for very remote locations.<\/p>","open":false}},"spacing_xCKjaT":{"type":"spacing","settings":{"mtt":"40","mbb":"10","enable_bb":false}},"ttl_g8DaJT":{"type":"ttl","settings":{"title":"Ordering & Product Information","content_svg":"<svg width=\"24\" height=\"24\" viewbox=\"0 0 24 24\" fill=\"none\" xmlns=\"http:\/\/www.w3.org\/2000\/svg\">\n<path d=\"M17 20.5H7C4 20.5 2 19 2 15.5V8.5C2 5 4 3.5 7 3.5H17C20 3.5 22 5 22 8.5V15.5C22 19 20 20.5 17 20.5Z\" stroke=\"#292D32\" stroke-width=\"1.5\" stroke-miterlimit=\"10\" stroke-linecap=\"round\" stroke-linejoin=\"round\"><\/path>\n<path d=\"M6 8V16\" stroke=\"#292D32\" stroke-width=\"1.5\" stroke-miterlimit=\"10\" stroke-linecap=\"round\" stroke-linejoin=\"round\"><\/path>\n<path d=\"M9 8V12\" stroke=\"#292D32\" stroke-width=\"1.5\" stroke-miterlimit=\"10\" stroke-linecap=\"round\" stroke-linejoin=\"round\"><\/path>\n<path d=\"M9 15V16\" stroke=\"#292D32\" stroke-width=\"1.5\" stroke-miterlimit=\"10\" stroke-linecap=\"round\" stroke-linejoin=\"round\"><\/path>\n<path d=\"M15 8V9\" stroke=\"#292D32\" stroke-width=\"1.5\" stroke-miterlimit=\"10\" stroke-linecap=\"round\" stroke-linejoin=\"round\"><\/path>\n<path d=\"M12 8V16\" stroke=\"#292D32\" stroke-width=\"1.5\" stroke-miterlimit=\"10\" stroke-linecap=\"round\" stroke-linejoin=\"round\"><\/path>\n<path d=\"M15 12V16\" stroke=\"#292D32\" stroke-width=\"1.5\" stroke-miterlimit=\"10\" stroke-linecap=\"round\" stroke-linejoin=\"round\"><\/path>\n<path d=\"M18 8V16\" stroke=\"#292D32\" stroke-width=\"1.5\" stroke-miterlimit=\"10\" stroke-linecap=\"round\" stroke-linejoin=\"round\"><\/path>\n<\/svg>"}},"faqs_JQwU4w":{"type":"faqs","settings":{"title":"What materials do you use?","answer":"<p>We use premium, sustainable materials:<\/p><ul><li><strong>100% Cotton<\/strong>: Soft, breathable, pre-shrunk<\/li><li><strong>Cotton Blends<\/strong>: 60% cotton, 40% polyester for durability<\/li><li><strong>Bio-washed Cotton<\/strong>: Extra soft finish, reduced shrinkage<\/li><li><strong>Organic Cotton<\/strong>: Eco-friendly, GOTS certified options<\/li><li><strong>Fleece<\/strong>: 280 GSM, pill-resistant<\/li><\/ul>","open":false}},"faqs_wR74jN":{"type":"faqs","settings":{"title":"How do I choose the right size?","answer":"<p>Use our detailed size chart available on each product page:<\/p><ul><li><strong>Chest measurements<\/strong> in inches and cm<\/li><li><strong>Length and shoulder<\/strong> measurements included<\/li><li><strong>Model specifications<\/strong> mentioned for reference<\/li><li><strong>Size guide recommendations<\/strong> based on fit preference<\/li><li>Contact support for personalized size suggestions<\/li><\/ul>","open":false}},"faqs_ftgxPN":{"type":"faqs","settings":{"title":"Can I pre-order upcoming collections?","answer":"<p>Yes! Pre-orders are available for:<\/p><ul><li>New collection launches<\/li><li>Limited edition drops<\/li><li>Seasonal collections<\/li><li>Collaborative pieces<\/li><\/ul><p>Pre-order benefits include early access and special pricing.<\/p>","open":false}},"faqs_raGNAb":{"type":"faqs","settings":{"title":"Can I place multiple orders and combine shipping?","answer":"<p>Unfortunately, we cannot combine separate orders. To avoid multiple shipping charges:<\/p><ul><li>Add all items to cart before checkout<\/li><li>Orders placed within 30 minutes can sometimes be combined (contact support immediately)<\/li><\/ul>","open":false}},"faqs_Pbamaw":{"type":"faqs","settings":{"title":"Do you offer gift options?","answer":"<p>Yes, we provide:<\/p><ul><li><strong>Gift wrapping<\/strong>: ₹99 per item<\/li><li><strong>Personalized message cards<\/strong>: Free<\/li><li><strong>Gift receipts<\/strong>: Without price information<\/li><li><strong>Digital gift cards<\/strong>: Available in multiple denominations<\/li><\/ul>","open":false}},"spacing_LkPhqJ":{"type":"spacing","settings":{"mtt":"40","mbb":"10","enable_bb":false}},"ttl_jdfpUX":{"type":"ttl","settings":{"title":"Returns & Refunds","content_svg":"<svg width=\"24\" height=\"24\" viewbox=\"0 0 24 24\" fill=\"none\" xmlns=\"http:\/\/www.w3.org\/2000\/svg\">\n<path d=\"M6.70093 9.26001L12.0009 12.33L17.2609 9.28001\" stroke=\"#292D32\" stroke-width=\"1.5\" stroke-linecap=\"round\" stroke-linejoin=\"round\"><\/path>\n<path d=\"M12.001 17.7701V12.3201\" stroke=\"#292D32\" stroke-width=\"1.5\" stroke-linecap=\"round\" stroke-linejoin=\"round\"><\/path>\n<path d=\"M10.761 6.28998L7.56097 8.06998C6.84097 8.46998 6.24097 9.47998 6.24097 10.31V13.7C6.24097 14.53 6.83097 15.54 7.56097 15.94L10.761 17.72C11.441 18.1 12.561 18.1 13.251 17.72L16.451 15.94C17.171 15.54 17.771 14.53 17.771 13.7V10.3C17.771 9.46998 17.181 8.45998 16.451 8.05998L13.251 6.27998C12.561 5.89998 11.441 5.89998 10.761 6.28998Z\" stroke=\"#292D32\" stroke-width=\"1.5\" stroke-linecap=\"round\" stroke-linejoin=\"round\"><\/path>\n<path d=\"M22.001 15C22.001 18.87 18.871 22 15.001 22L16.051 20.25\" stroke=\"#292D32\" stroke-width=\"1.5\" stroke-linecap=\"round\" stroke-linejoin=\"round\"><\/path>\n<path d=\"M2.00098 9C2.00098 5.13 5.13098 2 9.00098 2L7.95099 3.75\" stroke=\"#292D32\" stroke-width=\"1.5\" stroke-linecap=\"round\" stroke-linejoin=\"round\"><\/path>\n<\/svg>"}},"faqs_K4WGbQ":{"type":"faqs","settings":{"title":"How do I return an item?","answer":"<h3><\/h3><p>Easy 3-step return process:<\/p><ol><li><strong>Initiate Return<\/strong>: Login to your account &gt; Orders &gt; Return<\/li><li><strong>Schedule Pickup<\/strong>: Choose convenient pickup slot<\/li><li><strong>Quality Check<\/strong>: Refund processed within 3-5 business days<\/li><\/ol><p><\/p>","open":false}},"faqs_GDFTp4":{"type":"faqs","settings":{"title":"What items cannot be returned?","answer":"<h3><\/h3><p>Non-returnable items include:<\/p><ul><li>Items used, washed, or damaged by customer<\/li><li>Products without original tags or packaging<\/li><li>Innerwear and personal care items (hygiene reasons)<\/li><li>Items damaged due to misuse<\/li><li>Products altered or customized<\/li><\/ul><p><\/p>","open":false}},"faqs_Y7nD3T":{"type":"faqs","settings":{"title":"How long does refund take?","answer":"<h3><\/h3><p>Refund timelines:<\/p><ul><li><strong>Online Payments<\/strong>: 3-5 business days after quality check<\/li><li><strong>Cash on Delivery<\/strong>: Bank transfer within 7-10 business days<\/li><li><strong>Store Credit<\/strong>: Instant (if opted for faster resolution)<\/li><li><strong>Wallet Refund<\/strong>: 24-48 hours<\/li><\/ul><p><\/p>","open":false}},"faqs_Xrgi7N":{"type":"faqs","settings":{"title":"Can I exchange instead of return?","answer":"<h3><\/h3><p>Yes! We offer free exchanges for:<\/p><ul><li><strong>Size exchanges<\/strong>: Within same product<\/li><li><strong>Color exchanges<\/strong>: Subject to availability<\/li><li><strong>Style exchanges<\/strong>: For products of equal or higher value<\/li><\/ul><p><\/p>","open":false}},"faqs_z6bmfR":{"type":"faqs","settings":{"title":"Can I cancel my order?","answer":"<h3>Can I cancel my order?<\/h3><p>Order cancellation is possible:<\/p><ul><li><strong>Before dispatch<\/strong>: 100% refund, cancellation via account dashboard<\/li><li><strong>After dispatch<\/strong>: Return process applies<\/li><li><strong>COD orders<\/strong>: Can be refused at delivery<\/li><\/ul>","open":false}},"spacing_FRBkEn":{"type":"spacing","settings":{"mtt":"40","mbb":"10","enable_bb":false}},"ttl_NQfED9":{"type":"ttl","settings":{"title":"Product Care","content_svg":"<svg width=\"24\" height=\"24\" viewbox=\"0 0 24 24\" fill=\"none\" xmlns=\"http:\/\/www.w3.org\/2000\/svg\">\n<path d=\"M2.00098 9V7C2.00098 4 4.00098 2 7.00098 2H17.001C20.001 2 22.001 4 22.001 7V9\" stroke=\"#292D32\" stroke-width=\"1.5\" stroke-miterlimit=\"10\" stroke-linecap=\"round\" stroke-linejoin=\"round\"><\/path>\n<path d=\"M2.00098 15V17C2.00098 20 4.00098 22 7.00098 22H17.001C20.001 22 22.001 20 22.001 17V15\" stroke=\"#292D32\" stroke-width=\"1.5\" stroke-miterlimit=\"10\" stroke-linecap=\"round\" stroke-linejoin=\"round\"><\/path>\n<path d=\"M6.70093 9.26001L12.0009 12.33L17.2609 9.28003\" stroke=\"#292D32\" stroke-width=\"1.5\" stroke-linecap=\"round\" stroke-linejoin=\"round\"><\/path>\n<path d=\"M12.001 17.7701V12.3201\" stroke=\"#292D32\" stroke-width=\"1.5\" stroke-linecap=\"round\" stroke-linejoin=\"round\"><\/path>\n<path d=\"M10.761 6.29006L7.56096 8.07009C6.84096 8.47009 6.24097 9.48008 6.24097 10.3101V13.7001C6.24097 14.5301 6.83096 15.5401 7.56096 15.9401L10.761 17.7201C11.441 18.1001 12.561 18.1001 13.251 17.7201L16.451 15.9401C17.171 15.5401 17.771 14.5301 17.771 13.7001V10.3101C17.771 9.48008 17.181 8.47009 16.451 8.07009L13.251 6.29006C12.561 5.90006 11.441 5.90006 10.761 6.29006Z\" stroke=\"#292D32\" stroke-width=\"1.5\" stroke-linecap=\"round\" stroke-linejoin=\"round\"><\/path>\n<\/svg>"}},"faqs_brTbEz":{"type":"faqs","settings":{"title":"How should I care for my Teevore apparel?","answer":"<p><strong>T-Shirts & Polos:<\/strong><\/p><ul><li>Machine wash in cold water (30°C max)<\/li><li>Turn inside out before washing<\/li><li>Use mild detergent, avoid bleach<\/li><li>Air dry or tumble dry on low heat<\/li><li>Iron inside out if needed<\/li><\/ul><p><strong>Hoodies & Full Sleeves:<\/strong><\/p><ul><li>Wash in cold water with similar colors<\/li><li>Use gentle cycle for fleece items<\/li><li>Avoid fabric softeners on technical fabrics<\/li><li>Reshape while damp and air dry<\/li><li>Steam instead of ironing fleece<\/li><\/ul><p><strong>General Care Tips:<\/strong><\/p><ul><li>Wash dark and light colors separately<\/li><li>Pre-treat stains immediately<\/li><li>Store on hangers to maintain shape<\/li><li>Follow care labels on each garment<\/li><\/ul>","open":false}},"spacing_rBRtNj":{"type":"spacing","settings":{"mtt":"40","mbb":"10","enable_bb":false}},"ttl_FdQacm":{"type":"ttl","settings":{"title":"Payments & Security","content_svg":"<svg width=\"24\" height=\"24\" viewbox=\"0 0 24 24\" fill=\"none\" xmlns=\"http:\/\/www.w3.org\/2000\/svg\">\n<path d=\"M18.04 13.55C17.62 13.96 17.38 14.55 17.44 15.18C17.53 16.26 18.52 17.05 19.6 17.05H21.5V18.24C21.5 20.31 19.81 22 17.74 22H7.63C7.94 21.74 8.21 21.42 8.42 21.06C8.79 20.46 9 19.75 9 19C9 16.79 7.21 15 5 15C4.06 15 3.19 15.33 2.5 15.88V11.51C2.5 9.44001 4.19 7.75 6.26 7.75H17.74C19.81 7.75 21.5 9.44001 21.5 11.51V12.95H19.48C18.92 12.95 18.41 13.17 18.04 13.55Z\" stroke=\"#292D32\" stroke-width=\"1.5\" stroke-linecap=\"round\" stroke-linejoin=\"round\"><\/path>\n<path d=\"M2.5 12.4101V7.8401C2.5 6.6501 3.23 5.59006 4.34 5.17006L12.28 2.17006C13.52 1.70006 14.85 2.62009 14.85 3.95009V7.75008\" stroke=\"#292D32\" stroke-width=\"1.5\" stroke-linecap=\"round\" stroke-linejoin=\"round\"><\/path>\n<path d=\"M22.5588 13.9702V16.0302C22.5588 16.5802 22.1188 17.0302 21.5588 17.0502H19.5988C18.5188 17.0502 17.5288 16.2602 17.4388 15.1802C17.3788 14.5502 17.6188 13.9602 18.0388 13.5502C18.4088 13.1702 18.9188 12.9502 19.4788 12.9502H21.5588C22.1188 12.9702 22.5588 13.4202 22.5588 13.9702Z\" stroke=\"#292D32\" stroke-width=\"1.5\" stroke-linecap=\"round\" stroke-linejoin=\"round\"><\/path>\n<path d=\"M7 12H14\" stroke=\"#292D32\" stroke-width=\"1.5\" stroke-linecap=\"round\" stroke-linejoin=\"round\"><\/path>\n<path d=\"M9 19C9 19.75 8.79 20.46 8.42 21.06C8.21 21.42 7.94 21.74 7.63 22C6.93 22.63 6.01 23 5 23C3.54 23 2.27 22.22 1.58 21.06C1.21 20.46 1 19.75 1 19C1 17.74 1.58 16.61 2.5 15.88C3.19 15.33 4.06 15 5 15C7.21 15 9 16.79 9 19Z\" stroke=\"#292D32\" stroke-width=\"1.5\" stroke-miterlimit=\"10\" stroke-linecap=\"round\" stroke-linejoin=\"round\"><\/path>\n<path d=\"M6.49171 18.9795H3.51172\" stroke=\"#292D32\" stroke-width=\"1.5\" stroke-miterlimit=\"10\" stroke-linecap=\"round\" stroke-linejoin=\"round\"><\/path>\n<path d=\"M5 17.5195V20.5095\" stroke=\"#292D32\" stroke-width=\"1.5\" stroke-miterlimit=\"10\" stroke-linecap=\"round\" stroke-linejoin=\"round\"><\/path>\n<\/svg>"}},"faqs_dJ4qNt":{"type":"faqs","settings":{"title":"What payment methods do you accept?","answer":"<h3><\/h3><p>We accept all major payment options:<\/p><p><strong>Online Payments:<\/strong><\/p><ul><li>Credit Cards (Visa, Mastercard, RuPay, Amex)<\/li><li>Debit Cards (all major banks)<\/li><li>Net Banking (all major banks)<\/li><li>UPI (Google Pay, PhonePe, Paytm, Amazon Pay)<\/li><li>Digital Wallets (Paytm, Mobikwik, Freecharge)<\/li><li>Buy Now Pay Later (Simpl, Lazypay, ZestMoney)<\/li><\/ul><p><strong>Offline Payments:<\/strong><\/p><ul><li>Cash on Delivery (COD) - Additional ₹50 charge<\/li><li>Bank Transfer\/NEFT (for bulk orders)<\/li><\/ul><p><\/p>","open":false}},"faqs_JnznhR":{"type":"faqs","settings":{"title":"Is online payment safe on Teevore?","answer":"<h3><\/h3><p>Absolutely! Your payment security is our priority:<\/p><ul><li><strong>SSL Encryption<\/strong>: 256-bit encryption for all transactions<\/li><li><strong>PCI DSS Compliant<\/strong>: Industry-standard security protocols<\/li><li><strong>Razorpay Integration<\/strong>: Trusted payment gateway<\/li><li><strong>No Card Details Stored<\/strong>: We don't store your payment information<\/li><li><strong>Fraud Protection<\/strong>: Advanced fraud detection systems<\/li><\/ul><p><\/p>","open":false}},"faqs_HFieM7":{"type":"faqs","settings":{"title":"Why was my payment declined?","answer":"<p>Common reasons for payment failure:<\/p><ul><li>Insufficient funds or exceeded daily limit<\/li><li>Incorrect card details or expired card<\/li><li>Bank's security restrictions for online transactions<\/li><li>Technical issues with payment gateway<\/li><\/ul><p><strong>Solutions:<\/strong><\/p><ul><li>Verify card details and try again<\/li><li>Enable international transactions if required<\/li><li>Contact your bank for transaction approval<\/li><li>Try alternative payment method<\/li><\/ul><p><\/p>","open":false}},"spacing_mzzTEQ":{"type":"spacing","settings":{"mtt":"40","mbb":"10","enable_bb":false}},"ttl_bJBDDQ":{"type":"ttl","settings":{"title":"Account & Customer Support","content_svg":"<svg width=\"24\" height=\"24\" viewbox=\"0 0 24 24\" fill=\"none\" xmlns=\"http:\/\/www.w3.org\/2000\/svg\">\n<path d=\"M12.12 12.78C12.05 12.77 11.96 12.77 11.88 12.78C10.12 12.72 8.71997 11.28 8.71997 9.50998C8.71997 7.69998 10.18 6.22998 12 6.22998C13.81 6.22998 15.28 7.69998 15.28 9.50998C15.27 11.28 13.88 12.72 12.12 12.78Z\" stroke=\"#292D32\" stroke-width=\"1.5\" stroke-linecap=\"round\" stroke-linejoin=\"round\"><\/path>\n<path d=\"M18.74 19.38C16.96 21.01 14.6 22 12 22C9.40001 22 7.04001 21.01 5.26001 19.38C5.36001 18.44 5.96001 17.52 7.03001 16.8C9.77001 14.98 14.25 14.98 16.97 16.8C18.04 17.52 18.64 18.44 18.74 19.38Z\" stroke=\"#292D32\" stroke-width=\"1.5\" stroke-linecap=\"round\" stroke-linejoin=\"round\"><\/path>\n<path d=\"M12 22C17.5228 22 22 17.5228 22 12C22 6.47715 17.5228 2 12 2C6.47715 2 2 6.47715 2 12C2 17.5228 6.47715 22 12 22Z\" stroke=\"#292D32\" stroke-width=\"1.5\" stroke-linecap=\"round\" stroke-linejoin=\"round\"><\/path>\n<\/svg>"}},"faqs_9chCpg":{"type":"faqs","settings":{"title":"How do I create a Teevore account?","answer":"<p>Creating an account is simple:<\/p><ol><li><strong>Click 'Sign Up'<\/strong> on homepage<\/li><li><strong>Enter Details<\/strong>: Email, phone number, password<\/li><li><strong>Verify Account<\/strong>: OTP verification via SMS<\/li><li><strong>Profile Setup<\/strong>: Add shipping addresses and preferences<\/li><li><strong>Start Shopping<\/strong>: Browse and enjoy member benefits<\/li><\/ol><p><strong>Account Benefits:<\/strong><\/p><ul><li>Faster checkout process<\/li><li>Order history and tracking<\/li><li>Wishlist and favorites<\/li><li>Exclusive member offers<\/li><li>Early access to sales<\/li><\/ul><p><\/p>","open":false}},"faqs_m6iXqH":{"type":"faqs","settings":{"title":"How can I track my orders?","answer":"<h3><\/h3><p>Multiple tracking options available:<\/p><ul><li><strong>Account Dashboard<\/strong>: Login &gt; My Orders &gt; Track<\/li><li><strong>Email Links<\/strong>: Click tracking link in dispatch email<\/li><li><strong>SMS Updates<\/strong>: Automatic delivery updates<\/li><li><strong>WhatsApp<\/strong>: Real-time status updates<\/li><li><strong>Customer Support<\/strong>: Call\/chat for live tracking<\/li><\/ul><p><\/p>","open":false}},"faqs_JaNXqx":{"type":"faqs","settings":{"title":"How do I contact customer support?","answer":"<p>We're here to help 24\/7:<\/p><p><strong>Preferred Contact Methods:<\/strong><\/p><ul><li><strong>WhatsApp<\/strong>: +91-XXXXXXXXX (Fastest response)<\/li><li><strong>Email<\/strong>: <a href=\"mailto:support@teevore.com\">support@teevore.com<\/a><\/li><li><strong>Live Chat<\/strong>: Available on website 9 AM - 9 PM<\/li><li><strong>Phone<\/strong>: +91-7827232156 (9 AM - 7 PM, Mon-Sat)<\/li><\/ul><p><strong>Response Times:<\/strong><\/p><ul><li>WhatsApp: Within 30 minutes<\/li><li>Live Chat: Immediate<\/li><li>Email: Within 4-6 hours<\/li><li>Phone: Immediate<\/li><\/ul>","open":false}},"faqs_W9Nhii":{"type":"faqs","settings":{"title":"What support can I get?","answer":"<p>Our customer service team helps with:<\/p><ul><li>Order-related queries and modifications<\/li><li>Size and fit guidance<\/li><li>Return and exchange assistance<\/li><li>Payment and refund issues<\/li><li>Product information and care instructions<\/li><li>Styling advice and recommendations<\/li><li>Account management support<\/li><li>Feedback and complaints resolution<\/li><\/ul><p><\/p>","open":false}},"faqs_dMgGd8":{"type":"faqs","settings":{"title":"How do I subscribe to newsletters and offers?","answer":"<p>Stay updated with Teevore:<\/p><ul><li><strong>Website Subscription<\/strong>: Footer newsletter signup<\/li><li><strong>Account Preferences<\/strong>: Enable notifications in account settings<\/li><li><strong>WhatsApp Updates<\/strong>: Opt-in during checkout<\/li><li><strong>SMS Alerts<\/strong>: Get sale and launch notifications<\/li><\/ul><p><strong>What You'll Receive:<\/strong><\/p><ul><li>New collection launches<\/li><li>Exclusive member discounts<\/li><li>Flash sales and limited offers<\/li><li>Styling tips and fashion trends<\/li><li>Early access to seasonal collections<\/li><\/ul><p><\/p>","open":false}},"faqs_4qXiV7":{"type":"faqs","settings":{"title":"How do I unsubscribe from communications?","answer":"<p>Easy unsubscribe options:<\/p><ul><li><strong>Email<\/strong>: Click unsubscribe link in any email<\/li><li><strong>SMS<\/strong>: Reply 'STOP' to any promotional SMS<\/li><li><strong>WhatsApp<\/strong>: Send 'STOP' message<\/li><li><strong>Account Settings<\/strong>: Disable notifications in preferences<\/li><li><strong>Contact Support<\/strong>: Request complete unsubscription<\/li><\/ul>","open":false}}},"block_order":["ttl_hjdNV7","faqs_UijAtk","faqs_KJ3Ugz","faqs_mBd7Qc","faqs_7xXJci","faqs_LaeXVK","faqs_YbdhPr","spacing_xCKjaT","ttl_g8DaJT","faqs_JQwU4w","faqs_wR74jN","faqs_ftgxPN","faqs_raGNAb","faqs_Pbamaw","spacing_LkPhqJ","ttl_jdfpUX","faqs_K4WGbQ","faqs_GDFTp4","faqs_Y7nD3T","faqs_Xrgi7N","faqs_z6bmfR","spacing_FRBkEn","ttl_NQfED9","faqs_brTbEz","spacing_rBRtNj","ttl_FdQacm","faqs_dJ4qNt","faqs_JnznhR","faqs_HFieM7","spacing_mzzTEQ","ttl_bJBDDQ","faqs_9chCpg","faqs_m6iXqH","faqs_JaNXqx","faqs_W9Nhii","faqs_dMgGd8","faqs_4qXiV7"],"name":"FAQs","settings":{"title":"","subtitle":"","enable_small_card":true,"enable_faq_only":true,"italic_font_selection":"primary","page_width":1000,"accor":true,"acc_style":"2","tcl":"#222222","tfs":22,"tfsm":20,"tfw":"600","qu":"#444444","fs":14,"fsm":14,"fw":"600","an":"#444444","fst":13,"fsmt":13,"bdr":"#eeeeee","links":true,"lfs":14,"lfsm":14,"lfw":"600","lcl":"#444444","lclh":"#000000","lbg":"#ffffff","lbd":"#eeeeee","sw":false,"bg":"#ffffff","bgg":"","overlay":"#3d4246","overlay_op":0,"headings_cl":"","sst":40,"ssb":40,"sstm":15,"ssbm":15,"hidem":false,"hided":false}},"contact_form_epLkfK":{"type":"contact-form","blocks":{"address_r8kKbX":{"type":"address","settings":{"logo":"shopify:\/\/shop_images\/Dark_logo_VL.png","logowd":300,"cnt_title":"","store_address":"<p>123 J Block New Palam Vihar Phase 1, Gurugram<\/p>","store_phone":"PHONE: +91 7827232156","store_email":"EMAIL: support@teevore.store"}},"devider_UMEbAB":{"type":"devider","settings":{"clr_hr":"#eeeeee"}},"socialicon_qECyWe":{"type":"socialicon","settings":{"show_socials":true,"cnt_title":"Stay Connected"}}},"block_order":["address_r8kKbX","devider_UMEbAB","socialicon_qECyWe"],"name":"Contact Form","settings":{"title":"Drop Us A Line","subtitle":"","sw":true,"page_width":1400,"layout":"1","show_phone":false,"show_subject":false,"btn-style":"btn7","bg":"#ffffff","bgg":"","overlay":"#3d4246","overlay_op":0,"headings_cl":"","sst":40,"ssb":40,"sstm":60,"ssbm":60,"hidem":false,"hided":false}}},"order":["breadcrumb","richtext_v2_egYFMh","banner","main","faq_3FhrGJ","contact_form_epLkfK"]}