{"sections":{"banner":{"type":"page-banner","blocks":{"title":{"type":"title","settings":{"htag":"h1","tff":"ft2","fts":28,"ftsm":20,"fw":"500","tuu":false,"cl":"#ffffff","mb":0,"mbm":0}}},"block_order":["title"],"settings":{"hit":180,"hitt":160,"hitm":100,"bg":"#f5f5f5","bgg":"","image":"shopify:\/\/shop_images\/contact-us.jpg","overlay":"#000","overlay_op":0.4,"cntwd":1000,"text-align":true}},"breadcrumb":{"type":"breadcrumb","settings":{"sw":false,"hidemb":false,"tc":false}},"main":{"type":"main-page","disabled":true,"settings":{"hidettl":false,"hide_hdft":false,"sst":40,"ssb":0,"sstm":20,"ssbm":0,"bg":"","sw":false}},"store_locator_HfWAB9":{"type":"store-locator","blocks":{"store_VLFykR":{"type":"store","settings":{"logowd":100,"name":"Dubai Mall Shop","address":"<p><strong>Address<\/strong><br\/>7329 North Avenue,<br\/> Laguna Niguel, CA 92677<\/p>","phone":"<strong>PHONE<\/strong>: +1 (440) 568 4568","email":"<strong>EMAIL<\/strong>: sales@yousite.com","map":"<iframe src=\"https:\/\/www.google.com\/maps\/embed?pb=!1m18!1m12!1m3!1d3610.1716056816194!2d55.275917675381734!3d25.197434727710803!2m3!1f0!2f0!3f0!3m2!1i1024!2i768!4f13.1!3m3!1m2!1s0x3e5f682829c85c07%3A0xa5eda9fb3c93b69d!2sDubai%20Mall!5e0!3m2!1sen!2sin!4v1744803861302!5m2!1sen!2sin\" width=\"600\" height=\"450\" style=\"border:0;\" allowfullscreen=\"\" loading=\"lazy\" referrerpolicy=\"no-referrer-when-downgrade\"><\/iframe>"}},"store_wc6YMb":{"type":"store","settings":{"logowd":100,"name":"Fifth Avenue New York","address":"<p>1778 Beeghley Street, <br\/>Stephenville, Texas 76401<\/p>","phone":"<strong>PHONE<\/strong>: +1 (440) 568 4568","email":"<strong>EMAIL<\/strong>: sales@yousite.com","map":"<iframe src=\"https:\/\/www.google.com\/maps\/embed?pb=!1m18!1m12!1m3!1d1510.7166017966629!2d-73.96686021283342!3d40.77448945699344!2m3!1f0!2f0!3f0!3m2!1i1024!2i768!4f13.1!3m3!1m2!1s0x89c258a29d3847f5%3A0x564dfbba0141774a!2s5th%20Ave%2C%20New%20York%2C%20NY%2C%20USA!5e0!3m2!1sen!2sin!4v1744803904684!5m2!1sen!2sin\" width=\"600\" height=\"450\" style=\"border:0;\" allowfullscreen=\"\" loading=\"lazy\" referrerpolicy=\"no-referrer-when-downgrade\"><\/iframe>"}},"store_gfLfFg":{"type":"store","settings":{"logowd":100,"name":"Bloomington USA","address":"<p>1778 Beeghley Street, <br\/>Stephenville, Texas 76401<\/p>","phone":"<strong>PHONE<\/strong>: +1 (440) 568 4568","email":"<strong>EMAIL<\/strong>: sales@yousite.com","map":"<iframe src=\"https:\/\/www.google.com\/maps\/embed?pb=!1m18!1m12!1m3!1d66063.9026202626!2d-86.5861711856944!3d39.16902884967211!2m3!1f0!2f0!3f0!3m2!1i1024!2i768!4f13.1!3m3!1m2!1s0x886c5df6b483d8e7%3A0xe91a912d8bad33d9!2sBloomington%2C%20IN%2C%20USA!5e0!3m2!1sen!2sin!4v1744803942501!5m2!1sen!2sin\" width=\"600\" height=\"450\" style=\"border:0;\" allowfullscreen=\"\" loading=\"lazy\" referrerpolicy=\"no-referrer-when-downgrade\"><\/iframe>"}}},"block_order":["store_VLFykR","store_wc6YMb","store_gfLfFg"],"settings":{"title":"","subtitle":"","tfs":13,"tfsm":16,"cl":"#555555","tbg":"#ffffff","bd":"#eeeeee","cla":"#000000","tbga":"#f5f5f5","bda":"#eeeeee","bdr":6,"bg":"#ffffff","bgg":"","overlay":"#3d4246","overlay_op":0,"headings_cl":"","sst":70,"ssb":70,"sstm":30,"ssbm":30,"hidem":false,"hided":false}}},"order":["banner","breadcrumb","main","store_locator_HfWAB9"]}