{"sections":{"breadcrumb":{"type":"breadcrumb","settings":{"sw":true,"hidemb":false,"tc":false}},"main":{"type":"main-wishlist","settings":{"hidettl":false,"sst":30,"ssb":30,"sstm":15,"ssbm":15,"bg":"#ffffff","sw":true}},"collection_list2_Xw3DbG":{"type":"collection-list2","blocks":{"collection_Q7CjkG":{"type":"collection","settings":{"collection":"asphalt-aura","image":"shopify:\/\/shop_images\/Lucid_Origin_Ultrarealistic_highly_detailed_fashion_photoshoot_3_upscayl_4x_upscayl-standard-4x.jpg","pretitle":"Effortless style","title":"Polo T-Shirt","btntxt":"","url":""}},"collection_647QRb":{"type":"collection","settings":{"collection":"asphalt-aura","image":"shopify:\/\/shop_images\/Lucid_Origin_Ultrarealistic_fashion_catalog_photoshoot_in_a_wa_0.jpg","pretitle":"Crafted from ultra-soft","title":"Crafted from ultra-soft","btntxt":"","url":""}},"collection_LtemDV":{"type":"collection","settings":{"collection":"hoodies","image":"shopify:\/\/shop_images\/Lucid_Origin_Ultrarealistic_fashion_catalog_photoshoot_in_a_wa_1.jpg","pretitle":"Clean silhouette create a sharp","title":"Classic Cap Hoodie","btntxt":"","url":""}},"collection_cQhcLM":{"type":"collection","settings":{"collection":"asphalt-aura","image":"shopify:\/\/shop_images\/Lucid_Origin_A_confident_young_man_wearing_a_plain_white_tshir_2_upscayl_4x_upscayl-standard-4x.jpg","pretitle":"Detailed animal illustration","title":"Wild Spirit Tee","btntxt":"","url":""}},"collection_G4hPfj":{"type":"collection","settings":{"collection":"frontline","image":"shopify:\/\/shop_images\/Banner_Collection_Army_Duty.jpg","pretitle":"Evolve on the sphere","title":"","btntxt":"","url":""}}},"block_order":["collection_Q7CjkG","collection_647QRb","collection_LtemDV","collection_cQhcLM","collection_G4hPfj"],"name":"Collection List","settings":{"title":"Our Collection","subtitle":"","pretitle_show":true,"italic_fancy_font":false,"enable_design":false,"italic_font_selection":"primary","enable_background":false,"different_design":true,"ratio":"150","gspace":15,"gspacem":10,"gridxxl":5,"grid":4,"gridtb":3,"gridmb":1.5,"count":false,"zoom":true,"irad":15,"btn-style":"btn7","btn-size":"btn-sm","text-align":"tl","pfs":12,"pfsm":12,"ft":"ft1","fs":17,"fsm":15,"lh":1.5,"fw":"500","cl":"#ffffff","tbg":"#000000","tbg_op":0,"carousel":true,"loop":false,"autoplay":false,"speed":5,"arrow":true,"arrowm":false,"dot":false,"dotm":false,"sw":false,"npd":false,"bg":"#ffffff","bgg":"","overlay":"#3d4246","overlay_op":1,"headings_cl":"","sst":100,"ssb":100,"sstm":30,"ssbm":30,"hidem":false,"hided":false,"pdr":5,"pdl":15}}},"order":["breadcrumb","main","collection_list2_Xw3DbG"]}