{"sections":{"banner":{"type":"page-banner","blocks":{"title":{"type":"title","settings":{"htag":"h1","tff":"ft2","fts":28,"ftsm":20,"fw":"500","tuu":false,"cl":"#ffffff","mb":0,"mbm":0}},"7d39aadc-e397-4d6e-8712-9d03bbd06afc":{"type":"text","settings":{"title":"<p>We're here to help you.<\/p>","hidemb":true,"fs":16,"fsm":14,"lh":1.5,"cl":"#ffffff","mb":0,"mbm":0}}},"block_order":["title","7d39aadc-e397-4d6e-8712-9d03bbd06afc"],"settings":{"hit":500,"hitt":400,"hitm":400,"bg":"#f4f4f4","bgg":"","image":"shopify:\/\/shop_images\/Generated_Image_September_04_2025_-_12_12AM_1.jpg","overlay":"#000","overlay_op":0.3,"cntwd":1000,"text-align":true}},"breadcrumb":{"type":"breadcrumb","disabled":true,"settings":{"sw":false,"hidemb":false,"tc":false}},"main":{"type":"main-page","disabled":true,"settings":{"hidettl":true,"hide_hdft":false,"sst":30,"ssb":30,"sstm":15,"ssbm":15,"bg":"","sw":false}},"e86450d5-2162-4811-b569-aa07bffc8e6a":{"type":"contact-form","blocks":{"storetime_EFbRXL":{"type":"storetime","settings":{"cnt_title":"Opening Time:","storetime":"<p>Mon - Sat : 9am - 11pm <br\/>Sunday: 11am - 5pm<\/p>"}},"socialicon_ddHggk":{"type":"socialicon","settings":{"show_socials":true,"cnt_title":"Stay Connected"}},"address_CBf8Tt":{"type":"address","settings":{"logowd":100,"cnt_title":"Address","store_address":"<p>55 Gallaxy Enque, 2568 steet, 23568 NY<\/p>","store_phone":"PHONE: +1 (440) 568 4568","store_email":"EMAIL: sales@yousite.com"}}},"block_order":["storetime_EFbRXL","socialicon_ddHggk","address_CBf8Tt"],"settings":{"title":"Drop us a line","subtitle":"","sw":false,"page_width":700,"layout":"1","show_phone":false,"show_subject":false,"btn-style":"btn1","bg":"#ffffff","bgg":"","overlay":"#3d4246","overlay_op":0,"headings_cl":"","sst":80,"ssb":80,"sstm":30,"ssbm":0,"hidem":false,"hided":false}}},"order":["banner","breadcrumb","main","e86450d5-2162-4811-b569-aa07bffc8e6a"]}