{"sections":{"breadcrumb":{"type":"breadcrumb","settings":{"sw":false,"hidemb":false,"tc":false}},"banner":{"type":"page-banner","blocks":{"title":{"type":"title","settings":{"htag":"h2","tff":"ft2","fts":60,"ftsm":20,"fw":"500","tuu":false,"cl":"#ffffff","mb":0,"mbm":0}},"text_GVAD8a":{"type":"text","settings":{"title":"<p>Simple, stylish and locally-crafted apparel since 2000<\/p>","hidemb":true,"fs":16,"fsm":14,"lh":1.5,"cl":"#ffffff","mb":30,"mbm":20}}},"block_order":["title","text_GVAD8a"],"disabled":true,"settings":{"hit":400,"hitt":400,"hitm":300,"bg":"#dddddd","bgg":"","overlay":"#000","overlay_op":0,"cntwd":1000,"text-align":true}},"main":{"type":"main-page","settings":{"hidettl":true,"hide_hdft":false,"sst":0,"ssb":0,"sstm":0,"ssbm":0,"bg":"","sw":false}},"vertical_scroll_parallex_f8BA8T":{"type":"vertical-scroll-parallex","blocks":{"slide_YpBJGJ":{"type":"slide","settings":{"slide_image":"shopify:\/\/shop_images\/Lucid_Origin_A_stylish_young_man_wearing_a_clean_white_plain_t_0.jpg","slide_video":"","slide_title":"Creative|Portfolio","slide_subtitle":"© Your Brand","slide_link":"","overlay_style":"dark","background_position":"center center","subtitle_position_horizontal":"left","subtitle_position_vertical":"top","subtitle_offset_top":10,"subtitle_offset_bottom":10,"subtitle_offset_left":10,"subtitle_offset_right":10}},"slide_BXKGem":{"type":"slide","settings":{"slide_video":"","slide_title":"Amazing|Designs","slide_subtitle":"© Your Brand","slide_link":"","overlay_style":"dark","background_position":"center center","subtitle_position_horizontal":"left","subtitle_position_vertical":"top","subtitle_offset_top":10,"subtitle_offset_bottom":10,"subtitle_offset_left":10,"subtitle_offset_right":10}},"slide_AzneNc":{"type":"slide","settings":{"slide_video":"","slide_title":"Beautiful|Projects","slide_subtitle":"© Your Brand","slide_link":"","overlay_style":"light","background_position":"center center","subtitle_position_horizontal":"left","subtitle_position_vertical":"top","subtitle_offset_top":10,"subtitle_offset_bottom":10,"subtitle_offset_left":10,"subtitle_offset_right":10}}},"block_order":["slide_YpBJGJ","slide_BXKGem","slide_AzneNc"],"name":"Creative Slider","settings":{"slide_count":5,"slide_height":"70vh","sbrad":0,"bg_color":"#1a1a1a","text_color":"#ffffff","overlay_color":"#1d1d1d","light_overlay_color":"#ffffff","overlay_opacity":0.3,"title_size":"100px","title_size_tablet":"72px","title_size_mobile":"40px","title_weight":"500","title_color":"#ffffff","light_title_color":"#000000","subtitle_size":"14px","subtitle_color":"#ffffff","light_subtitle_color":"#000000","show_navigation":true,"show_pagination":true,"next_text":"Next Slide","prev_text":"Prev Slide","nav_color":"#ffffff","pagination_color":"#ffffff","enable_autoplay":true,"autoplay_delay":5000,"loop":true,"fade":false}}},"order":["breadcrumb","banner","main","vertical_scroll_parallex_f8BA8T"]}