{"sections":{"breadcrumb":{"type":"breadcrumb","settings":{"sw":false,"hidemb":false,"tc":false}},"banner":{"type":"page-banner","blocks":{"title":{"type":"title","settings":{"htag":"h2","tff":"ft2","fts":60,"ftsm":20,"fw":"500","tuu":false,"cl":"#fdca40","mb":40,"mbm":30}}},"block_order":["title"],"settings":{"page_title":false,"content_data":"BUY IN BULK, SAVE BIG","hit":400,"hitt":400,"hitm":300,"bg":"#190306","bgg":"","overlay":"#000","overlay_op":0,"cntwd":1000,"text-align":true}},"main":{"type":"main-page","disabled":true,"settings":{"hidettl":true,"hide_hdft":false,"sst":0,"ssb":0,"sstm":0,"ssbm":0,"bg":"","sw":false}},"contact_form_8XWAb9":{"type":"contact-form","blocks":{"contact_form_FiVnQN":{"type":"contact_form","settings":{"block_width":"half","block_order":1}},"image_Nkwp3d":{"type":"image","settings":{"block_width":"half","block_order":2,"image":"shopify:\/\/shop_images\/064132.jpg","image_width":600,"border_radius":25,"image_caption":""}},"content_block_FxBfwD":{"type":"content_block","settings":{"block_width":"full","block_order":2,"cnt_title":"","show_address":false,"logowd":100,"store_address":"","store_phone":"","store_email":"","show_hours":false,"hours_title":"Opening Hours","storetime":"","show_socials":false,"social_title":"Follow Us","richtext_content":"<h2>Buy in Bulk – Terms & Conditions<\/h2><p>Save more when you shop in bulk with <strong>Teevoore<\/strong>! We offer exclusive discounts on bulk orders based on product type and total invoice value.<\/p><h3>Who can order<\/h3><h4>Anyone, anywhere<\/h4><p>Anyone from anywhere in the world can place a bulk order — we deliver globally.<\/p><h3>Custom requests<\/h3><h4>Not on the site?<\/h4><p>If you’ve seen a Teevoore product in our store or on social media that isn’t listed on the website, you can request it and we’ll do our best to arrange it for you.<\/p><h3>Discounts<\/h3><h4>How discounts apply<\/h4><p>Bulk discounts are calculated on the total invoice value, excluding shipping charges.<\/p><h3>Timely delivery<\/h3><h4>On-time, wherever you are<\/h4><p>Our team works to ensure your order arrives when and where you need it so you don’t miss important deadlines or events.<\/p><h3>Returns<\/h3><h4>No returns on bulk orders<\/h4><p>Please note: due to special volume pricing, <strong>bulk orders are non-returnable and non-refundable<\/strong>.<\/p><h3>How to order<\/h3><h4>Contact us<\/h4><p>Email us at <a href=\"mailto:info@teevoore.com\">info@teevoore.com<\/a> with the following details:<\/p><p><br\/>    • Full Name<br\/><br\/>    • Email<br\/><br\/>    • Phone Number<br\/><br\/>    • Shipping Address<br\/><br\/>    • List of products and quantities you’re interested in<br\/>  <\/p><p>Once we receive your request, our team will contact you with pricing and an estimated delivery timeline.<\/p><h3>Payment<\/h3><h4>Prepaid orders only<\/h4><p>All bulk orders must be paid in <strong>prepaid mode<\/strong> at the time of confirmation.<\/p>"}}},"block_order":["contact_form_FiVnQN","image_Nkwp3d","content_block_FxBfwD"],"name":"Contact Form","settings":{"title":"FILL IN YOUR DETAILS BELOW","subtitle":"More pieces, more savings — gear up in Teevoore style.","sw":true,"page_width":1000,"require_name":true,"require_email":true,"show_phone":false,"require_phone":true,"show_company":false,"company_label":"Company Name","require_company":false,"show_subject":false,"require_subject":false,"show_quantity":true,"quantity_label":"Quantity","require_quantity":false,"show_product":true,"product_label":"Product Name","require_product":false,"message_rows":10,"require_message":true,"show_consent":true,"consent_text":"I agree to the privacy policy and terms of service","btn-style":"btn1","bg":"#ffffff","bgg":"","overlay":"#3d4246","overlay_op":0,"headings_cl":"","sst":40,"ssb":40,"sstm":15,"ssbm":15,"hidem":false,"hided":false}}},"order":["breadcrumb","banner","main","contact_form_8XWAb9"]}