{"sections":{"breadcrumb":{"type":"breadcrumb","settings":{"sw":true,"hidemb":false,"tc":false}},"main":{"type":"main-product","blocks":{"smart_badge_zXmieL":{"type":"smart_badge","name":"Brand","settings":{"justify_content":"start","margin_top":0,"margin_bottom":2,"enable_vendor":true,"show_vendor_image":false,"vendor_image_width":150,"vendor_color":"#000000","vendor_font_size":14,"vendor_margin":2,"badge_tag_1":"","badge_text_1":"","badge_bg_1":"#000000","badge_color_1":"#ffffff","badge_tag_2":"","badge_text_2":"","badge_bg_2":"#000000","badge_color_2":"#ffffff","badge_tag_3":"","badge_text_3":"","badge_bg_3":"#000000","badge_color_3":"#ffffff","badge_tag_4":"","badge_text_4":"","badge_bg_4":"#000000","badge_color_4":"#ffffff","badge_tag_5":"","badge_text_5":"","badge_bg_5":"#000000","badge_color_5":"#ffffff","enable_new_badge":true,"new_text":"New","new_arrivals_text":"New Arrivals","new_badge_bg":"#28a745","new_badge_color":"#ffffff","enable_discount_badge":true,"discount_format":"percentage","discount_custom_text":"Sale","discount_badge_bg":"#dc3545","discount_badge_color":"#ffffff","enable_stock_badge":false,"show_in_stock":false,"low_stock_threshold":10,"in_stock_text":"In Stock","in_stock_bg":"#28a745","in_stock_color":"#ffffff","low_stock_text":"Only Few Left!","low_stock_bg":"#ffc107","low_stock_color":"#000000","out_of_stock_text":"Out of Stock","out_of_stock_bg":"#6c757d","out_of_stock_color":"#ffffff","fs":22,"fsm":16,"fw":"600","lh":1.5,"tcase":"none"}},"title_cWr7j8":{"type":"title","settings":{"cl":"#414042","tff":"ft1","fs":28,"fsm":18,"fw":"400","lh":1.5,"tcase":"none","bm":5}},"judge_me_reviews_preview_badge_kkFVkJ":{"type":"shopify:\/\/apps\/judge-me-reviews\/blocks\/preview_badge\/61ccd3b1-a9f2-4160-9fe9-4fec8413e5d8","settings":{}},"rating_37UYmt":{"type":"rating","settings":{"bm":20}},"price_Rxdn4C":{"type":"price","settings":{"pcl":"#414042","pcls":"#e00000","fs":25,"fsm":16,"pfw":"400","saved":false,"bfs":14,"salet":"#ffffff","salebg":"#e00000","fw":"fwr","brad":0,"tax_msg":false,"ship_msg":false,"bm":5}},"link_popup_GFqBqV":{"type":"link-popup","settings":{"text":"Size Chart","enable_social":false,"enable_popup":false,"paragraph_content":"Incl. of all taxes","cl_new_02":"#555555","clh_new":"#000000","opt":"customcode","page":"","poptext":"","custom_code":"{% comment %}\nT-Shirt Size Chart with Unit and Format Toggle\nPlace this code in a section file or template\n{% endcomment %}\n\n<div class=\"size-chart-container\">\n <style>\n  .size-chart-container {\n   max-width: 1200px;\n   margin: 0 auto;\n   padding: 20px;\n  }\n\n  .size-chart-image {\n   width: 100%;\n   height: auto;\n   max-width: 400px;\n   margin: 0 auto 20px;\n   display: block;\n   border-radius: 8px;\n  }\n\n  .size-chart-controls {\n   display: flex;\n   gap: 10px;\n   margin-bottom: 25px;\n   justify-content: center;\n  }\n\n  .toggle-group {\n   display: flex;\n   align-items: center;\n   gap: 10px;\n  }\n\n  .size-chart-table {\n   width: 100%;\n   border-collapse: collapse;\n   margin-top: 20px;\n   overflow: hidden;\n  }\n\n  .size-chart-table th {\n   padding: 12px 8px;\n   text-align: center;\n   font-weight: 600;\n  }\n\n  .size-chart-table td {\n   padding: 10px 8px;\n   text-align: center;\n   border-bottom: 1px solid #dee2e6;\n  }\n\n  .size-chart-table tr:hover {\n   background: #f8f9fa;\n  }\n\n  .size-chart-table .size-label {\n   font-weight: 600;\n  }\n\n  .ft125 {\n   font-size: 24px;\n   font-weight: 700;\n   color: #333;\n   margin-bottom: 15px;\n   text-align: center;\n  }\n\n\n  @media (max-width: 768px) {\n   .size-chart-container {\n    padding: 15px;\n\tmargin-bottom: 80px;\n   }\n\n   .size-chart-controls {\n    align-items: center;\n   }\n\n   .toggle-group {\n    width: 100%;\n    justify-content: center;\n   }\n\n   .size-chart-table {\n    font-size: 12px;\n   }\n\n   .size-chart-table th,\n   .size-chart-table td {\n    padding: 8px 4px;\n   }\n\n   .ft125 {\n    font-size: 20px;\n   }\n  }\n\n  @media (max-width: 480px) {\n   .size-chart-table {\n    font-size: 11px;\n   }\n\n   .size-chart-table th,\n   .size-chart-table td {\n    padding: 6px 2px;\n   }\n  }\n <\/style>\n\n <img src=\"https:\/\/cdn.shopify.com\/s\/files\/1\/0903\/6585\/3983\/files\/Dimensions.webp?v=1751551347\" \n    alt=\"T-Shirt Size Chart Dimensions\" \n    class=\"size-chart-image\"\n    loading=\"lazy\">\n\n <h2 class=\"ft125 kug\">Size Chart<\/h2>\n <p >Choose your preferred measurement unit and sizing format below. All measurements are taken laying flat.<\/p>\n\n <div class=\"size-chart-controls\">\n  <div class=\"toggle-group\">\n   <span >Units:<\/span>\n   <button class=\"toggle-btn btn-sm btn btn7 active\" id=\"inches-btn\" type=\"button\">Inches<\/button>\n   <button class=\"toggle-btn btn-sm btn btn3\" id=\"cm-btn\" type=\"button\">CM<\/button>\n  <\/div>\n\n  <div class=\"toggle-group\">\n   <span >Format:<\/span>\n   <button class=\"toggle-btn btn-sm btn btn7 active\" id=\"us-btn\" type=\"button\">US<\/button>\n   <button class=\"toggle-btn btn-sm btn btn3\" id=\"uk-btn\" type=\"button\">UK<\/button>\n  <\/div>\n <\/div>\n\n <table class=\"size-chart-table\" id=\"size-chart-table\">\n  <thead>\n   <tr>\n    <th>Size<\/th>\n    <th>Chest<\/th>\n    <th>Length<\/th>\n    <th>Shoulder<\/th>\n    <th>Sleeve<\/th>\n   <\/tr>\n  <\/thead>\n  <tbody id=\"size-chart-body\"><\/tbody>\n <\/table>\n\n <p style=\"margin-top: 15px; text-align: center;\">\n  <strong>How to measure:<\/strong> Chest - across the chest under arms. Length - from shoulder to bottom hem. Shoulder - from shoulder seam to shoulder seam. Sleeve - from shoulder seam to cuff.\n <\/p>\n<\/div>\n\n<script>\ndocument.addEventListener('DOMContentLoaded', function() {\n const sizeData = {\n  us: {\n   inches: [\n    { size: 'XS', chest: '31-34', length: '27', shoulder: '15.5', sleeve: '8' },\n    { size: 'S', chest: '34-37', length: '28', shoulder: '16', sleeve: '8.25' },\n    { size: 'M', chest: '38-41', length: '29', shoulder: '17', sleeve: '8.5' },\n    { size: 'L', chest: '42-45', length: '30', shoulder: '18', sleeve: '8.75' },\n    { size: 'XL', chest: '46-49', length: '31', shoulder: '19', sleeve: '9' },\n    { size: 'XXL', chest: '50-53', length: '32', shoulder: '20', sleeve: '9.25' },\n    { size: 'XXXL', chest: '54-57', length: '33', shoulder: '21', sleeve: '9.5' }\n   ],\n   cm: [\n    { size: 'XS', chest: '79-86', length: '68.5', shoulder: '39', sleeve: '20' },\n    { size: 'S', chest: '86-94', length: '71', shoulder: '40.5', sleeve: '21' },\n    { size: 'M', chest: '96-104', length: '73.5', shoulder: '43', sleeve: '21.5' },\n    { size: 'L', chest: '107-114', length: '76', shoulder: '45.5', sleeve: '22' },\n    { size: 'XL', chest: '117-124', length: '78.5', shoulder: '48', sleeve: '23' },\n    { size: 'XXL', chest: '127-134', length: '81', shoulder: '51', sleeve: '23.5' },\n    { size: 'XXXL', chest: '137-145', length: '84', shoulder: '53', sleeve: '24' }\n   ]\n  },\n  uk: {\n   inches: [\n    { size: '6', chest: '31-34', length: '27', shoulder: '15.5', sleeve: '8' },\n    { size: '8', chest: '34-37', length: '28', shoulder: '16', sleeve: '8.25' },\n    { size: '10', chest: '38-41', length: '29', shoulder: '17', sleeve: '8.5' },\n    { size: '12', chest: '42-45', length: '30', shoulder: '18', sleeve: '8.75' },\n    { size: '14', chest: '46-49', length: '31', shoulder: '19', sleeve: '9' },\n    { size: '16', chest: '50-53', length: '32', shoulder: '20', sleeve: '9.25' },\n    { size: '18', chest: '54-57', length: '33', shoulder: '21', sleeve: '9.5' }\n   ],\n   cm: [\n    { size: '6', chest: '79-86', length: '68.5', shoulder: '39', sleeve: '20' },\n    { size: '8', chest: '86-94', length: '71', shoulder: '40.5', sleeve: '21' },\n    { size: '10', chest: '96-104', length: '73.5', shoulder: '43', sleeve: '21.5' },\n    { size: '12', chest: '107-114', length: '76', shoulder: '45.5', sleeve: '22' },\n    { size: '14', chest: '117-124', length: '78.5', shoulder: '48', sleeve: '23' },\n    { size: '16', chest: '127-134', length: '81', shoulder: '51', sleeve: '23.5' },\n    { size: '18', chest: '137-145', length: '84', shoulder: '53', sleeve: '24' }\n   ]\n  }\n };\n\n let currentUnit = 'inches';\n let currentFormat = 'us';\n\n const inchesBtn = document.getElementById('inches-btn');\n const cmBtn = document.getElementById('cm-btn');\n const usBtn = document.getElementById('us-btn');\n const ukBtn = document.getElementById('uk-btn');\n\n if (inchesBtn && cmBtn && usBtn && ukBtn) {\n  inchesBtn.addEventListener('click', function() { toggleUnits('inches'); });\n  cmBtn.addEventListener('click', function() { toggleUnits('cm'); });\n  usBtn.addEventListener('click', function() { toggleFormat('us'); });\n  ukBtn.addEventListener('click', function() { toggleFormat('uk'); });\n\n  function toggleUnits(unit) {\n   currentUnit = unit;\n   inchesBtn.classList.toggle('active', unit === 'inches');\n   cmBtn.classList.toggle('active', unit === 'cm');\n   updateTable();\n  }\n\n  function toggleFormat(format) {\n   currentFormat = format;\n   usBtn.classList.toggle('active', format === 'us');\n   ukBtn.classList.toggle('active', format === 'uk');\n   updateTable();\n  }\n\n  function updateTable() {\n   const tableBody = document.getElementById('size-chart-body');\n   if (!tableBody) return;\n   \n   const data = sizeData[currentFormat][currentUnit];\n   \n   tableBody.innerHTML = '';\n   data.forEach(function(row) {\n    const tr = document.createElement('tr');\n    tr.innerHTML = `\n     <td class=\"size-label\">${row.size}<\/td>\n     <td>${row.chest}<\/td>\n     <td>${row.length}<\/td>\n     <td>${row.shoulder}<\/td>\n     <td>${row.sleeve}<\/td>\n    `;\n    tableBody.appendChild(tr);\n   });\n  }\n\n  \/\/ Initialize table\n  updateTable();\n }\n});\n<\/script>","lstyle":"bottom_bdr","fs":14,"fw":"400","cl":"#333333","clbg":"#f5f5f5","bdr":"#333333","brad":0,"bm":10,"richtext":true,"text_new":"","cl_new":"#333333","fs_new":14,"fsm_new":14,"bm_new":0}},"countdown_w8Dfx9":{"type":"countdown","settings":{"cds":"inline_timer","clbl":"Hurry up! Sale Ends In","cl":"#000000","tcl":"#000000","bg":"#f5f5f5","border":"#dddddd","fs":13,"tfs":13,"text_ttu":false,"fw":"500","iscenter":false,"brad":0,"bm":20}},"shortdes_kLGwNE":{"type":"shortdes","settings":{"des_type":"shortd","bm":20}},"variants_W83gbF":{"type":"variants","settings":{"sold":true,"cltype":"cs","othervr":"sw","bm":5,"margin_tp":20,"margin_bt":20,"brdline":"both"}},"cta_p9Qaq9":{"type":"cta","settings":{"gift_recipient":true,"atc-style":"btn6","wishlist-btn":"btn7","ext-btn":"btn1","dynamic_btn":true,"btnbg":"#fdca40","btntext":"#222222","btnbdr":"#fdca40","bis":true,"bg":"#ffffff","bd":"#eeeeee","bdr":0,"bm":15,"qty_sel":true,"qlbl":false,"inv":false,"maxqty":14,"fs":13,"fcase":false,"font-style":"italic","instock":"#54c63a","lstock":"#f4af29","ostock":"#ee1111","anim":true}},"img_89EtzM":{"type":"img","settings":{"title":"Secured by","pimg":"shopify:\/\/shop_images\/Razorpay_logo.svg","imgwd":80,"img_align":false,"cl":"#222222","add_bg":false,"bg":"#ffffff","brad":0,"pimg_url":"","bm":20}},"link_popup_yctzGV":{"type":"link-popup","settings":{"text":"Need Help ?","enable_social":true,"enable_popup":false,"paragraph_content":"Incl. of all taxes","cl_new_02":"#555555","clh_new":"#000000","opt":"customcode","page":"","poptext":"","custom_code":"<style>\n       \n        .dialog-header {\n            padding: 24px 24px 16px 24px;\n        }\n        \n        .dialog-header h2 {\n            font-weight: 600;\n            color: inherit;\n            margin: 0;\n        }\n        \n        .dialog-content {\n            padding: 0 24px 24px 24px;\n        }\n               \n        .info-section {\n            border-radius: 8px;\n            padding: 20px;\n            margin-bottom: 16px;\n        }\n        \n        .shipping-info {\n            background-color: #fef7e6;\n            color: #92400e;\n        }\n        \n        .customer-support {\n            background-color: #e8f4fd;\n            color: #0369a1;\n        }\n        \n        .faq-section {\n            background-color: #fdf2f8;\n            color: #be185d;\n        }\n        \n        .contact-section {\n            background-color: #f0f9f0;\n            color: #15803d;\n        }\n        \n        .section-header {\n            display: flex;\n            align-items: center;\n            margin-bottom: 12px;\n        }\n        \n        .section-icon {\n            margin-right: 10px;\n            color: inherit;\n        }\n        \n        .section-title {\n            font-weight: 600;\n            color: inherit;\n            margin: 0;\nfont-size:21px;\n        }\n               \n        .section-content p {\n            margin-bottom: 8px;\n        }\n        \n        .section-content p:last-child {\n            margin-bottom: 0;\n        }\n        \n        .section-content a {\n            color: inherit;\n            text-decoration: underline;\n        }\n        \n        .section-content a:hover {\n            text-decoration: none;\n        }\n        \n        .shipping-list {\n            list-style: none;\n            padding: 0;\n        }\n        \n        .shipping-list li {\n            margin-bottom: 4px;\n            color: inherit;\n            font-weight: 500;\n        }\n        \n        .shipping-list li:before {\n            content: \"- \";\n            margin-right: 4px;\n        }\n    <\/style>\n    <div class=\"help-dialog\">\n        <div class=\"dialog-header\">\n            <h2 class=\"kug fsz30\">Need help?<\/h2>\n        <\/div>\n        \n        <div class=\"dialog-content\">\n            <p class=\"intro-text\">\n                If you have any questions, you are always welcome to contact us. We'll get back to you as soon as possible, within 24 hours on weekdays.\n            <\/p>\n            \n            <div class=\"info-section shipping-info\">\n                <div class=\"section-header gap10\">\n              <svg width=\"24\" height=\"24\" viewBox=\"0 0 24 24\" fill=\"none\" xmlns=\"https:\/\/www.w3.org\/2000\/svg\">\n<path d=\"M13.0008 14.75H12.0008C11.5908 14.75 11.2508 14.41 11.2508 14C11.2508 13.59 11.5908 13.25 12.0008 13.25H13.0008C13.6908 13.25 14.2508 12.69 14.2508 12V2.75H6.00075C4.82075 2.75 3.74073 3.38998 3.16073 4.41998C2.96073 4.77998 2.50077 4.91002 2.14077 4.71002C1.78077 4.51002 1.65073 4.05 1.85073 3.69C2.69073 2.19 4.28075 1.25 6.00075 1.25H15.0008C15.4108 1.25 15.7508 1.59 15.7508 2V12C15.7508 13.52 14.5208 14.75 13.0008 14.75Z\" fill=\"#92400E\"\/>\n<path d=\"M19.001 20.75H18.001C17.591 20.75 17.251 20.41 17.251 20C17.251 19.31 16.691 18.75 16.001 18.75C15.311 18.75 14.751 19.31 14.751 20C14.751 20.41 14.411 20.75 14.001 20.75H10.001C9.59098 20.75 9.25098 20.41 9.25098 20C9.25098 19.31 8.69098 18.75 8.00098 18.75C7.31098 18.75 6.75098 19.31 6.75098 20C6.75098 20.41 6.41098 20.75 6.00098 20.75H5.00098C2.93098 20.75 1.25098 19.07 1.25098 17C1.25098 16.59 1.59098 16.25 2.00098 16.25C2.41098 16.25 2.75098 16.59 2.75098 17C2.75098 18.24 3.76098 19.25 5.00098 19.25H5.35095C5.68095 18.1 6.74098 17.25 8.00098 17.25C9.26098 17.25 10.321 18.1 10.651 19.25H13.361C13.691 18.1 14.751 17.25 16.011 17.25C17.271 17.25 18.3309 18.1 18.6609 19.25H19.001C20.241 19.25 21.251 18.24 21.251 17V14.75H19.001C18.041 14.75 17.251 13.96 17.251 13V10C17.251 9.04 18.031 8.25 19.001 8.25L17.931 6.38C17.711 5.99 17.291 5.75 16.841 5.75H15.751V12C15.751 13.52 14.521 14.75 13.001 14.75H12.001C11.591 14.75 11.251 14.41 11.251 14C11.251 13.59 11.591 13.25 12.001 13.25H13.001C13.691 13.25 14.251 12.69 14.251 12V5C14.251 4.59 14.591 4.25 15.001 4.25H16.841C17.831 4.25 18.741 4.78001 19.231 5.64001L20.941 8.63C21.071 8.86 21.071 9.15 20.941 9.38C20.811 9.61 20.561 9.75 20.291 9.75H19.001C18.861 9.75 18.751 9.86 18.751 10V13C18.751 13.14 18.861 13.25 19.001 13.25H22.001C22.411 13.25 22.751 13.59 22.751 14V17C22.751 19.07 21.071 20.75 19.001 20.75Z\" fill=\"#92400E\"\/>\n<path d=\"M8.00098 22.75C6.48098 22.75 5.25098 21.52 5.25098 20C5.25098 18.48 6.48098 17.25 8.00098 17.25C9.52098 17.25 10.751 18.48 10.751 20C10.751 21.52 9.52098 22.75 8.00098 22.75ZM8.00098 18.75C7.31098 18.75 6.75098 19.31 6.75098 20C6.75098 20.69 7.31098 21.25 8.00098 21.25C8.69098 21.25 9.25098 20.69 9.25098 20C9.25098 19.31 8.69098 18.75 8.00098 18.75Z\" fill=\"#92400E\"\/>\n<path d=\"M16.001 22.75C14.481 22.75 13.251 21.52 13.251 20C13.251 18.48 14.481 17.25 16.001 17.25C17.521 17.25 18.751 18.48 18.751 20C18.751 21.52 17.521 22.75 16.001 22.75ZM16.001 18.75C15.311 18.75 14.751 19.31 14.751 20C14.751 20.69 15.311 21.25 16.001 21.25C16.691 21.25 17.251 20.69 17.251 20C17.251 19.31 16.691 18.75 16.001 18.75Z\" fill=\"#92400E\"\/>\n<path d=\"M22.001 14.75H19.001C18.041 14.75 17.251 13.96 17.251 13V10C17.251 9.04 18.041 8.25 19.001 8.25H20.291C20.561 8.25 20.811 8.39 20.941 8.63L22.651 11.63C22.711 11.74 22.751 11.87 22.751 12V14C22.751 14.41 22.411 14.75 22.001 14.75ZM19.001 9.75C18.861 9.75 18.751 9.86 18.751 10V13C18.751 13.14 18.861 13.25 19.001 13.25H21.251V12.2L19.851 9.75H19.001Z\" fill=\"#92400E\"\/>\n<path d=\"M8.00098 8.75H2.00098C1.59098 8.75 1.25098 8.41 1.25098 8C1.25098 7.59 1.59098 7.25 2.00098 7.25H8.00098C8.41098 7.25 8.75098 7.59 8.75098 8C8.75098 8.41 8.41098 8.75 8.00098 8.75Z\" fill=\"#92400E\"\/>\n<path d=\"M6.00098 11.75H2.00098C1.59098 11.75 1.25098 11.41 1.25098 11C1.25098 10.59 1.59098 10.25 2.00098 10.25H6.00098C6.41098 10.25 6.75098 10.59 6.75098 11C6.75098 11.41 6.41098 11.75 6.00098 11.75Z\" fill=\"#92400E\"\/>\n<path d=\"M4.00098 14.75H2.00098C1.59098 14.75 1.25098 14.41 1.25098 14C1.25098 13.59 1.59098 13.25 2.00098 13.25H4.00098C4.41098 13.25 4.75098 13.59 4.75098 14C4.75098 14.41 4.41098 14.75 4.00098 14.75Z\" fill=\"#92400E\"\/>\n<\/svg>\n      \n<h3 class=\"section-title kug\">Shipping Information<\/h3>\n                <\/div>\n                <div class=\"section-content\">\n                    <ul class=\"shipping-list\">\n                        <li>No customs duties on orders above ₹2,500.<\/li>\n                        <li>Free shipping on orders above ₹999.<\/li>\n                        <li>Ships within 2-4 business days across India.<\/li>\n                        <li>COD available (Cash on Delivery).<\/li>\n                        <li>Ships in eco-friendly recyclable packaging.<\/li>\n                    <\/ul>\n                <\/div>\n            <\/div>\n            \n            <div class=\"info-section customer-support\">\n                <div class=\"section-header gap10\"><svg width=\"24\" height=\"24\" viewBox=\"0 0 24 24\" fill=\"none\" xmlns=\"https:\/\/www.w3.org\/2000\/svg\">\n<path d=\"M13.1802 11.8601C12.7802 11.8601 12.4202 11.6401 12.2502 11.2801L10.8002 8.3901L10.3802 9.1701C10.1502 9.6001 9.69021 9.8701 9.20021 9.8701H8.47022C8.06022 9.8701 7.72021 9.5301 7.72021 9.1201C7.72021 8.7101 8.06022 8.3701 8.47022 8.3701H9.11021L9.90021 6.9101C10.0902 6.5701 10.4702 6.3401 10.8302 6.3601C11.2202 6.3601 11.5702 6.5901 11.7502 6.9301L13.1802 9.7901L13.5202 9.1001C13.7502 8.6401 14.2002 8.3601 14.7202 8.3601H15.5302C15.9402 8.3601 16.2802 8.7001 16.2802 9.1101C16.2802 9.5201 15.9402 9.8601 15.5302 9.8601H14.8202L14.1102 11.2701C13.9302 11.6401 13.5802 11.8601 13.1802 11.8601Z\" fill=\"#0369A1\"\/>\n<path d=\"M2.74982 18.6498C2.33982 18.6498 1.99982 18.3098 1.99982 17.8998V12.1998C1.94982 9.4898 2.95982 6.9298 4.83982 5.0098C6.71982 3.0998 9.23982 2.0498 11.9498 2.0498C17.4898 2.0498 21.9998 6.5598 21.9998 12.0998V17.7998C21.9998 18.2098 21.6598 18.5498 21.2498 18.5498C20.8398 18.5498 20.4998 18.2098 20.4998 17.7998V12.0998C20.4998 7.3898 16.6698 3.5498 11.9498 3.5498C9.63982 3.5498 7.49982 4.4398 5.90982 6.0598C4.30982 7.6898 3.45982 9.8598 3.49982 12.1798V17.8898C3.49982 18.3098 3.16982 18.6498 2.74982 18.6498Z\" fill=\"#0369A1\"\/>\n<path d=\"M5.94 12.4502H5.81C3.71 12.4502 2 14.1602 2 16.2602V18.1402C2 20.2402 3.71 21.9502 5.81 21.9502H5.94C8.04 21.9502 9.75 20.2402 9.75 18.1402V16.2602C9.75 14.1602 8.04 12.4502 5.94 12.4502Z\" fill=\"#0369A1\"\/>\n<path d=\"M18.19 12.4502H18.06C15.96 12.4502 14.25 14.1602 14.25 16.2602V18.1402C14.25 20.2402 15.96 21.9502 18.06 21.9502H18.19C20.29 21.9502 22 20.2402 22 18.1402V16.2602C22 14.1602 20.29 12.4502 18.19 12.4502Z\" fill=\"#0369A1\"\/>\n<\/svg>\n\n                    <h3 class=\"section-title kug\">Customer Support<\/h3>\n                <\/div>\n                <div class=\"section-content\">\n                    <p>Give us a few details and we'll offer the best solution. Connect by phone, WhatsApp, email, and more.<\/p>\n                    <p>We are available Monday to Saturday (10am-7pm IST)<\/p>\n                <\/div>\n            <\/div>\n            \n            <div class=\"info-section faq-section\">\n                <div class=\"section-header gap10\">\n                    <svg width=\"24\" height=\"24\" viewBox=\"0 0 24 24\" fill=\"none\" xmlns=\"https:\/\/www.w3.org\/2000\/svg\">\n<path d=\"M8 22.3199C7.72 22.3199 7.42998 22.2499 7.16998 22.1099C6.59998 21.8099 6.25 21.2099 6.25 20.5699V19.15C3.23 18.84 1.25 16.6199 1.25 13.4399V7.43994C1.25 3.99994 3.56 1.68994 7 1.68994H17C20.44 1.68994 22.75 3.99994 22.75 7.43994V13.4399C22.75 16.8799 20.44 19.1899 17 19.1899H13.23L8.96997 22.03C8.67997 22.22 8.34 22.3199 8 22.3199ZM7 3.17993C4.42 3.17993 2.75 4.84993 2.75 7.42993V13.43C2.75 16.01 4.42 17.68 7 17.68C7.41 17.68 7.75 18.02 7.75 18.43V20.56C7.75 20.69 7.83 20.75 7.88 20.78C7.93 20.81 8.03001 20.84 8.14001 20.77L12.59 17.81C12.71 17.73 12.86 17.68 13.01 17.68H17.01C19.59 17.68 21.26 16.01 21.26 13.43V7.42993C21.26 4.84993 19.59 3.17993 17.01 3.17993H7V3.17993Z\" fill=\"#BE185D\"\/>\n<path d=\"M11.9998 12.1099C11.5898 12.1099 11.2498 11.7699 11.2498 11.3599V11.1499C11.2498 9.9899 12.0998 9.41989 12.4198 9.19989C12.7898 8.94989 12.9098 8.7799 12.9098 8.5199C12.9098 8.0199 12.4998 7.60986 11.9998 7.60986C11.4998 7.60986 11.0898 8.0199 11.0898 8.5199C11.0898 8.9299 10.7498 9.2699 10.3398 9.2699C9.92984 9.2699 9.58984 8.9299 9.58984 8.5199C9.58984 7.1899 10.6698 6.10986 11.9998 6.10986C13.3298 6.10986 14.4098 7.1899 14.4098 8.5199C14.4098 9.6599 13.5698 10.2299 13.2598 10.4399C12.8698 10.6999 12.7498 10.8699 12.7498 11.1499V11.3599C12.7498 11.7799 12.4098 12.1099 11.9998 12.1099Z\" fill=\"#BE185D\"\/>\n<path d=\"M12 14.6001C11.58 14.6001 11.25 14.2601 11.25 13.8501C11.25 13.4401 11.59 13.1001 12 13.1001C12.41 13.1001 12.75 13.4401 12.75 13.8501C12.75 14.2601 12.42 14.6001 12 14.6001Z\" fill=\"#BE185D\"\/>\n<\/svg><h3 class=\"section-title kug\">FAQ's<\/h3>\n\n                <\/div>\n                <div class=\"section-content\">\n                    <p>Visit our <a href=\"#\">FAQs<\/a> page to find answers to common questions about shipping, returns, payments, and GST.<\/p>\n                <\/div>\n            <\/div>\n            \n            <div class=\"info-section contact-section\">\n                <div class=\"section-header gap10\">\n                    <svg width=\"24\" height=\"24\" viewBox=\"0 0 24 24\" fill=\"none\" xmlns=\"https:\/\/www.w3.org\/2000\/svg\">\n<path d=\"M17.45 22.75C16.32 22.75 15.13 22.48 13.9 21.96C12.7 21.45 11.49 20.75 10.31 19.9C9.14 19.04 8.01 18.08 6.94 17.03C5.88 15.96 4.92 14.83 4.07 13.67C3.21 12.47 2.52 11.27 2.03 10.11C1.51 8.87 1.25 7.67 1.25 6.54C1.25 5.76 1.39 5.02 1.66 4.33C1.94 3.62 2.39 2.96 3 2.39C3.77 1.63 4.65 1.25 5.59 1.25C5.98 1.25 6.38 1.34 6.72 1.5C7.11 1.68 7.44 1.95 7.68 2.31L10 5.58C10.21 5.87 10.37 6.15 10.48 6.43C10.61 6.73 10.68 7.03 10.68 7.32C10.68 7.7 10.57 8.07 10.36 8.42C10.21 8.69 9.98 8.98 9.69 9.27L9.01 9.98C9.02 10.01 9.03 10.03 9.04 10.05C9.16 10.26 9.4 10.62 9.86 11.16C10.35 11.72 10.81 12.23 11.27 12.7C11.86 13.28 12.35 13.74 12.81 14.12C13.38 14.6 13.75 14.84 13.97 14.95L13.95 15L14.68 14.28C14.99 13.97 15.29 13.74 15.58 13.59C16.13 13.25 16.83 13.19 17.53 13.48C17.79 13.59 18.07 13.74 18.37 13.95L21.69 16.31C22.06 16.56 22.33 16.88 22.49 17.26C22.64 17.64 22.71 17.99 22.71 18.34C22.71 18.82 22.6 19.3 22.39 19.75C22.18 20.2 21.92 20.59 21.59 20.95C21.02 21.58 20.4 22.03 19.68 22.32C18.99 22.6 18.24 22.75 17.45 22.75ZM5.59 2.75C5.04 2.75 4.53 2.99 4.04 3.47C3.58 3.9 3.26 4.37 3.06 4.88C2.85 5.4 2.75 5.95 2.75 6.54C2.75 7.47 2.97 8.48 3.41 9.52C3.86 10.58 4.49 11.68 5.29 12.78C6.09 13.88 7 14.95 8 15.96C9 16.95 10.08 17.87 11.19 18.68C12.27 19.47 13.38 20.11 14.48 20.57C16.19 21.3 17.79 21.47 19.11 20.92C19.62 20.71 20.07 20.39 20.48 19.93C20.71 19.68 20.89 19.41 21.04 19.09C21.16 18.84 21.22 18.58 21.22 18.32C21.22 18.16 21.19 18 21.11 17.82C21.08 17.76 21.02 17.65 20.83 17.52L17.51 15.16C17.31 15.02 17.13 14.92 16.96 14.85C16.74 14.76 16.65 14.67 16.31 14.88C16.11 14.98 15.93 15.13 15.73 15.33L14.97 16.08C14.58 16.46 13.98 16.55 13.52 16.38L13.25 16.26C12.84 16.04 12.36 15.7 11.83 15.25C11.35 14.84 10.83 14.36 10.2 13.74C9.71 13.24 9.22 12.71 8.71 12.12C8.24 11.57 7.9 11.1 7.69 10.71L7.57 10.41C7.51 10.18 7.49 10.05 7.49 9.91C7.49 9.55 7.62 9.23 7.87 8.98L8.62 8.2C8.82 8 8.97 7.81 9.07 7.64C9.15 7.51 9.18 7.4 9.18 7.3C9.18 7.22 9.15 7.1 9.1 6.98C9.03 6.82 8.92 6.64 8.78 6.45L6.46 3.17C6.36 3.03 6.24 2.93 6.09 2.86C5.93 2.79 5.76 2.75 5.59 2.75ZM13.95 15.01L13.79 15.69L14.06 14.99C14.01 14.98 13.97 14.99 13.95 15.01Z\" fill=\"#15803D\"\/>\n<\/svg><h3 class=\"section-title kug\">Contact Us<\/h3>\n\n                <\/div>\n                <div class=\"section-content\">\n                    <p>We'd love to hear from you. Our team is here to help. Visit our <a href=\"#\">contact<\/a> page to send us a message.<\/p>\n                <\/div>\n            <\/div>\n        <\/div>\n    <\/div>","lstyle":"bottom_bdr","fs":14,"fw":"400","cl":"#333333","clbg":"#f5f5f5","bdr":"#333333","brad":0,"bm":30,"richtext":true,"text_new":"","cl_new":"#333333","fs_new":14,"fsm_new":14,"bm_new":20}},"hr_tekm9G":{"type":"hr","settings":{"hrc":"#dcdcdc","bm":20,"tm":20}},"shipping_time_xM7JFT":{"type":"shipping-time","settings":{"paragraph_time":"Please enter PIN code to check delivery time & Pay on Delivery Availability"}},"pickup_MtUniH":{"type":"pickup","settings":{"bm":15,"bg":"#f1f1f1","icon":"#414042","text":"#f1f1f1","brad":1}},"ordercard_cRy7kx":{"type":"ordercard","disabled":true,"settings":{"timeline_bg_color":"#ffffff","circle_color":"#ffffff","line_color":"#000000","text_color":"#000000","date_color":"#666666","show_timeline":true,"timeline_width":800,"svg_text_01":"<svg width=\"28\" height=\"28\" viewbox=\"0 0 28 28\" fill=\"none\" xmlns=\"https:\/\/www.w3.org\/2000\/svg\">\n<path d=\"M23.2867 10.4538C22.505 9.59045 21.3267 9.08879 19.6934 8.91379V8.02712C19.6934 6.42879 19.0167 4.88879 17.8267 3.81545C16.625 2.71879 15.0617 2.20545 13.44 2.35712C10.6517 2.62545 8.3067 5.32045 8.3067 8.23712V8.91379C6.67336 9.08879 5.49503 9.59045 4.71336 10.4538C3.5817 11.7138 3.6167 13.3938 3.74503 14.5605L4.5617 21.0588C4.8067 23.3338 5.72836 25.6671 10.745 25.6671H17.255C22.2717 25.6671 23.1934 23.3338 23.4384 21.0705L24.255 14.5488C24.3834 13.3938 24.4184 11.7138 23.2867 10.4538ZM13.6034 3.97879C14.77 3.87379 15.8784 4.23545 16.7417 5.01712C17.5934 5.78712 18.0717 6.88379 18.0717 8.02712V8.84379H9.92836V8.23712C9.92836 6.16045 11.6434 4.16545 13.6034 3.97879ZM14 21.6771C11.5617 21.6771 9.57836 19.6938 9.57836 17.2555C9.57836 14.8171 11.5617 12.8338 14 12.8338C16.4384 12.8338 18.4217 14.8171 18.4217 17.2555C18.4217 19.6938 16.4384 21.6771 14 21.6771Z\" fill=\"#222222\"><\/path>\n<path d=\"M13.3349 19.4133C13.1133 19.4133 12.8916 19.3316 12.7166 19.1566L11.5616 18.0016C11.2233 17.6633 11.2233 17.1033 11.5616 16.7649C11.8999 16.4266 12.4599 16.4266 12.7983 16.7649L13.3583 17.3249L15.2249 15.5983C15.5749 15.2716 16.1349 15.2949 16.4616 15.6449C16.7883 15.9949 16.7649 16.5549 16.4149 16.8816L13.9299 19.1799C13.7549 19.3316 13.5449 19.4133 13.3349 19.4133Z\" fill=\"#222222\"><\/path>\n<\/svg>","svg_text_02":"<svg width=\"24\" height=\"24\" viewbox=\"0 0 24 24\" fill=\"none\" xmlns=\"https:\/\/www.w3.org\/2000\/svg\">\n<g clip-path=\"url(#clip0_574_3524)\">\n<path d=\"M20.6201 8.45C19.5701 3.83 15.5401 1.75 12.0001 1.75C12.0001 1.75 12.0001 1.75 11.9901 1.75C8.4601 1.75 4.4201 3.82 3.3701 8.44C2.2001 13.6 5.3601 17.97 8.2201 20.72C9.2801 21.74 10.6401 22.25 12.0001 22.25C13.3601 22.25 14.7201 21.74 15.7701 20.72C18.6301 17.97 21.7901 13.61 20.6201 8.45ZM12.0001 13.46C10.2601 13.46 8.8501 12.05 8.8501 10.31C8.8501 8.57 10.2601 7.16 12.0001 7.16C13.7401 7.16 15.1501 8.57 15.1501 10.31C15.1501 12.05 13.7401 13.46 12.0001 13.46Z\" fill=\"#222222\"><\/path>\n<\/g>\n<defs>\n<clippath id=\"clip0_574_3524\">\n<rect width=\"24\" height=\"24\" fill=\"white\"><\/rect>\n<\/clippath>\n<\/defs>\n<\/svg>","svg_text_03":"<svg width=\"24\" height=\"24\" viewbox=\"0 0 24 24\" fill=\"none\" xmlns=\"https:\/\/www.w3.org\/2000\/svg\">\n<path d=\"M21.5 15.5C21.78 15.5 22 15.72 22 16V17C22 18.66 20.66 20 19 20C19 18.35 17.65 17 16 17C14.35 17 13 18.35 13 20H11C11 18.35 9.65 17 8 17C6.35 17 5 18.35 5 20C3.34 20 2 18.66 2 17V15C2 14.45 2.45 14 3 14H12.5C13.88 14 15 12.88 15 11.5V6C15 5.45 15.45 5 16 5H16.84C17.56 5 18.22 5.39 18.58 6.01L19.22 7.13C19.31 7.29 19.19 7.5 19 7.5C17.62 7.5 16.5 8.62 16.5 10V13C16.5 14.38 17.62 15.5 19 15.5H21.5Z\" fill=\"#222222\"><\/path>\n<path d=\"M8 22C9.10457 22 10 21.1046 10 20C10 18.8954 9.10457 18 8 18C6.89543 18 6 18.8954 6 20C6 21.1046 6.89543 22 8 22Z\" fill=\"#222222\"><\/path>\n<path d=\"M16 22C17.1046 22 18 21.1046 18 20C18 18.8954 17.1046 18 16 18C14.8954 18 14 18.8954 14 20C14 21.1046 14.8954 22 16 22Z\" fill=\"#222222\"><\/path>\n<path d=\"M22 12.53V14H19C18.45 14 18 13.55 18 13V10C18 9.45 18.45 9 19 9H20.29L21.74 11.54C21.91 11.84 22 12.18 22 12.53Z\" fill=\"#222222\"><\/path>\n<path d=\"M13.08 2H5.69C3.9 2 2.4 3.28 2.07 4.98H6.44C6.82 4.98 7.12 5.29 7.12 5.67C7.12 6.05 6.82 6.35 6.44 6.35H2V7.73H4.6C4.98 7.73 5.29 8.04 5.29 8.42C5.29 8.8 4.98 9.1 4.6 9.1H2V10.48H2.77C3.15 10.48 3.46 10.79 3.46 11.17C3.46 11.55 3.15 11.85 2.77 11.85H2V12.08C2 12.63 2.45 13.08 3 13.08H12.15C13.17 13.08 14 12.25 14 11.23V2.92C14 2.41 13.59 2 13.08 2Z\" fill=\"#222222\"><\/path>\n<path d=\"M2.07 4.98047H1.92H0.94C0.56 4.98047 0.25 5.29047 0.25 5.67047C0.25 6.05047 0.56 6.35047 0.94 6.35047H1.85H2V5.69047C2 5.45047 2.03 5.21047 2.07 4.98047Z\" fill=\"#222222\"><\/path>\n<path d=\"M1.85 7.73047H0.94C0.56 7.73047 0.25 8.04047 0.25 8.42047C0.25 8.80047 0.56 9.10047 0.94 9.10047H1.85H2V7.73047H1.85Z\" fill=\"#222222\"><\/path>\n<path d=\"M1.85 10.4805H0.94C0.56 10.4805 0.25 10.7905 0.25 11.1705C0.25 11.5505 0.56 11.8505 0.94 11.8505H1.85H2V10.4805H1.85Z\" fill=\"#222222\"><\/path>\n<\/svg>"}},"gift_card_widget_jjHxQW":{"type":"gift_card_widget","settings":{"enable_for_all":true,"display_type":"slider","card_1_enabled":true,"card_1_label":"DISCOUNT","card_1_offer":"Get FLAT 10% OFF!","card_1_code":"TEEVORE10","card_1_description":"Shop for ₹1000 & Above","card_1_terms":"Valid for limited time only.","card_2_enabled":false,"card_2_label":"SAVE MORE","card_2_offer":"20% OFF","card_2_code":"GIFT100","card_2_description":"Get 20% off your entire order.","card_2_terms":"Minimum order value $100.","card_3_enabled":false,"card_3_label":"FREE SHIPPING","card_3_offer":"Free Shipping","card_3_code":"GIFT200","card_3_description":"Enjoy free shipping on your order.","card_3_terms":"Valid on orders over $50.","card_4_enabled":false,"card_4_label":"FLASH SALE","card_4_offer":"30% OFF","card_4_code":"FLASH30","card_4_description":"Limited time flash sale discount.","card_4_terms":"Valid for 24 hours only.","card_5_enabled":false,"card_5_label":"VIP DEAL","card_5_offer":"$50 OFF","card_5_code":"VIP50","card_5_description":"Exclusive VIP member discount.","card_5_terms":"For VIP members only.","show_terms":false,"auto_play":false,"auto_play_speed":5,"widget_title":"Special Offers","show_widget_title":false}},"img_7XA96W":{"type":"img","settings":{"title":"Guarantee Safe Checkout","imgwd":400,"img_align":false,"cl":"#222222","add_bg":true,"bg":"#f5f5f5","brad":1,"pimg_url":"","bm":20}},"coltabs_Pba636":{"type":"coltabs","settings":{"icon":"none","svg_code":"<svg width=\"24\" height=\"24\" viewbox=\"0 0 24 24\" fill=\"none\" xmlns=\"https:\/\/www.w3.org\/2000\/svg\">\n<path d=\"M22 10V15C22 20 20 22 15 22H9C4 22 2 20 2 15V9C2 4 4 2 9 2H14\" stroke=\"#292D32\" stroke-width=\"1.5\" stroke-linecap=\"round\" stroke-linejoin=\"round\"><\/path>\n<path d=\"M22 10H18C15 10 14 9 14 6V2L22 10Z\" stroke=\"#292D32\" stroke-width=\"1.5\" stroke-linecap=\"round\" stroke-linejoin=\"round\"><\/path>\n<path d=\"M7 13H13\" stroke=\"#292D32\" stroke-width=\"1.5\" stroke-linecap=\"round\" stroke-linejoin=\"round\"><\/path>\n<path d=\"M7 17H11\" stroke=\"#292D32\" stroke-width=\"1.5\" stroke-linecap=\"round\" stroke-linejoin=\"round\"><\/path>\n<\/svg>","title":"Product Details","tfs":13,"tbdr":false,"bbdr":false,"bdrcl":"#eeeeee","opt":"txt","richtxt":"{{ product.description }}","custom_liquid_table":"","tbopen":false,"bm":0}},"coltabs_HTHNxD":{"type":"coltabs","settings":{"icon":"none","svg_code":"<svg width=\"24\" height=\"24\" viewbox=\"0 0 24 24\" fill=\"none\" xmlns=\"https:\/\/www.w3.org\/2000\/svg\">\n<path d=\"M22 10V15C22 20 20 22 15 22H9C4 22 2 20 2 15V9C2 4 4 2 9 2H14\" stroke=\"#292D32\" stroke-width=\"1.5\" stroke-linecap=\"round\" stroke-linejoin=\"round\"><\/path>\n<path d=\"M22 10H18C15 10 14 9 14 6V2L22 10Z\" stroke=\"#292D32\" stroke-width=\"1.5\" stroke-linecap=\"round\" stroke-linejoin=\"round\"><\/path>\n<path d=\"M7 13H13\" stroke=\"#292D32\" stroke-width=\"1.5\" stroke-linecap=\"round\" stroke-linejoin=\"round\"><\/path>\n<path d=\"M7 17H11\" stroke=\"#292D32\" stroke-width=\"1.5\" stroke-linecap=\"round\" stroke-linejoin=\"round\"><\/path>\n<\/svg>","title":"Key Highlights","tfs":13,"tbdr":false,"bbdr":false,"bdrcl":"#eeeeee","opt":"custom","richtxt":"","custom_liquid_table":"<!-- Product Key Highlights Table -->\n{% comment %}\n  Custom Liquid code for displaying product key highlights in a table format\n  Uses product metafields for dynamic data\n{% endcomment %}\n\n<div class=\"product-highlights\">\n\n  <table class=\"highlights-table\">\n    <tbody>\n      <!-- Design\/Typography Row -->\n      {% if product.metafields.custom.pattern_print %}\n        <tr>\n          <td class=\"highlight-label\">\n            <strong>Design\/Typography<\/strong>\n          <\/td>\n          <td class=\"highlight-value\">\n            {{ product.metafields.custom.pattern_print.value }}\n          <\/td>\n        <\/tr>\n      {% endif %}\n      \n      <!-- Fit Row -->\n      {% if product.metafields.custom.fit %}\n        <tr>\n          <td class=\"highlight-label\">\n            <strong>Fit<\/strong>\n          <\/td>\n          <td class=\"highlight-value\">\n            {{ product.metafields.custom.fit.value }}\n          <\/td>\n        <\/tr>\n      {% endif %}\n      \n      <!-- Neck Type Row -->\n      {% if product.metafields.custom.neck_type %}\n        <tr>\n          <td class=\"highlight-label\">\n            <strong>Neck<\/strong>\n          <\/td>\n          <td class=\"highlight-value\">\n            {{ product.metafields.custom.neck_type.value }}\n          <\/td>\n        <\/tr>\n      {% endif %}\n      \n      <!-- Occasion Row (Static for now, can be made dynamic with metafield) -->\n      <tr>\n        <td class=\"highlight-label\">\n          <strong>Occasion<\/strong>\n        <\/td>\n        <td class=\"highlight-value\">\n          Casual Wear\n        <\/td>\n      <\/tr>\n      \n      <!-- Sleeve Length Row -->\n      {% if product.metafields.custom.sleeve_length %}\n        <tr>\n          <td class=\"highlight-label\">\n            <strong>Sleeve Style<\/strong>\n          <\/td>\n          <td class=\"highlight-value\">\n            {{ product.metafields.custom.sleeve_length.value }}\n          <\/td>\n        <\/tr>\n      {% endif %}\n      \n      <!-- Hemline Row (Static for now, can be made dynamic with metafield) -->\n      <tr>\n        <td class=\"highlight-label\">\n          <strong>Hemline<\/strong>\n        <\/td>\n        <td class=\"highlight-value\">\n          Straight\n        <\/td>\n      <\/tr>\n    <\/tbody>\n  <\/table>\n<\/div>\n\n<style>\n  .product-highlights {\n    margin: 20px 0;\n    font-family: Arial, sans-serif;\n  }\n  \n  .highlights-title {\n    font-size: 18px;\n    font-weight: bold;\n    margin-bottom: 10px;\n    color: #333;\n  }\n  \n  .highlights-table {\n    width: 100%;\n    border-collapse: collapse;\n    border: 1px solid #ddd;\n    background-color: #fff;\n  }\n  \n  .highlights-table td {\n    padding: 12px 15px;\n    border-bottom: 1px solid #eee;\n    vertical-align: top;\n  }\n  \n  .highlights-table tr:last-child td {\n    border-bottom: none;\n  }\n  \n  .highlight-label {\n    width: 40%;\n    background-color: #f8f9fa;\n    font-weight: 600;\n    color: #333;\n  }\n  \n  .highlight-value {\n    width: 60%;\n    color: #555;\n  }\n  \n  .highlights-table tr:hover {\n    background-color: #f5f5f5;\n  }\n  \n  \/* Responsive Design *\/\n  @media (max-width: 768px) {\n    .highlights-table {\n      font-size: 14px;\n    }\n    \n    .highlights-table td {\n      padding: 10px 12px;\n    }\n    \n    .highlight-label {\n      width: 45%;\n    }\n    \n    .highlight-value {\n      width: 55%;\n    }\n  }\n<\/style>\n\n<!-- Alternative version with more dynamic approach -->\n{% comment %}\n<!-- More Dynamic Version - Uncomment to use -->\n<div class=\"product-highlights-dynamic\">\n  <h3 class=\"highlights-title\">Key Highlights<\/h3>\n  \n  {% assign highlights = 'Design\/Typography,Fit,Neck,Occasion,Sleeve Style,Hemline' | split: ',' %}\n  {% assign metafield_keys = 'pattern_print,fit,neck_type,occasion,sleeve_length,hemline' | split: ',' %}\n  {% assign fallback_values = 'Typography,Oversized Fit,Round Neck,Casual Wear,Half Sleeve,Straight' | split: ',' %}\n  \n  <table class=\"highlights-table\">\n    <tbody>\n      {% for highlight in highlights %}\n        {% assign index = forloop.index0 %}\n        {% assign metafield_key = metafield_keys[index] %}\n        {% assign fallback = fallback_values[index] %}\n        \n        <tr>\n          <td class=\"highlight-label\">\n            <strong>{{ highlight }}<\/strong>\n          <\/td>\n          <td class=\"highlight-value\">\n            {% case metafield_key %}\n              {% when 'pattern_print' %}\n                {{ product.metafields.custom.pattern_print.value | default: fallback }}\n              {% when 'fit' %}\n                {{ product.metafields.custom.fit.value | default: fallback }}\n              {% when 'neck_type' %}\n                {{ product.metafields.custom.neck_type.value | default: fallback }}\n              {% when 'sleeve_length' %}\n                {{ product.metafields.custom.sleeve_length.value | default: fallback }}\n              {% else %}\n                {{ fallback }}\n            {% endcase %}\n          <\/td>\n        <\/tr>\n      {% endfor %}\n    <\/tbody>\n  <\/table>\n<\/div>\n{% endcomment %}","tbopen":false,"bm":0}},"coltabs_REPgnk":{"type":"coltabs","settings":{"icon":"care","svg_code":"<svg width=\"24\" height=\"24\" viewbox=\"0 0 24 24\" fill=\"none\" xmlns=\"https:\/\/www.w3.org\/2000\/svg\">\n<path d=\"M5 8C6.65685 8 8 6.65685 8 5C8 3.34315 6.65685 2 5 2C3.34315 2 2 3.34315 2 5C2 6.65685 3.34315 8 5 8Z\" fill=\"#292D32\"><\/path>\n<path d=\"M19 15C20.6569 15 22 13.6569 22 12C22 10.3431 20.6569 9 19 9C17.3431 9 16 10.3431 16 12C16 13.6569 17.3431 15 19 15Z\" fill=\"#292D32\"><\/path>\n<path d=\"M5 22C6.65685 22 8 20.6569 8 19C8 17.3431 6.65685 16 5 16C3.34315 16 2 17.3431 2 19C2 20.6569 3.34315 22 5 22Z\" fill=\"#292D32\"><\/path>\n<path d=\"M5 16.75C4.59 16.75 4.25 16.41 4.25 16V8C4.25 7.59 4.59 7.25 5 7.25C5.41 7.25 5.75 7.59 5.75 8C5.75 10.19 6.81 11.25 9 11.25H16C16.41 11.25 16.75 11.59 16.75 12C16.75 12.41 16.41 12.75 16 12.75H9C7.64 12.75 6.55 12.4 5.75 11.74V16C5.75 16.41 5.41 16.75 5 16.75Z\" fill=\"#292D32\"><\/path>\n<\/svg>","title":"Care Instruction","tfs":12,"tbdr":false,"bbdr":false,"bdrcl":"#eeeeee","opt":"txt","richtxt":"<p>To keep your Teevore My Tee looking fresh and lasting long, follow these simple care tips:<br\/><br\/>Machine wash cold with like colors<br\/><br\/>Use mild detergent<br\/><br\/>Do not bleach<br\/><br\/>Turn inside out before washing to protect the print<br\/><br\/>Avoid tumble drying — hang dry for best results<br\/><br\/>Iron inside out on low heat — do not iron on print<br\/><br\/><br\/>Your tee deserves love — care for it right, and it’ll stay with you for the long haul.<\/p>","custom_liquid_table":"","tbopen":false,"bm":0}},"coltabs_Xg6hQz":{"type":"coltabs","settings":{"icon":"truck","svg_code":"<svg width=\"24\" height=\"24\" viewbox=\"0 0 24 24\" fill=\"none\" xmlns=\"https:\/\/www.w3.org\/2000\/svg\">\n<path d=\"M13.0008 14.75H12.0008C11.5908 14.75 11.2508 14.41 11.2508 14C11.2508 13.59 11.5908 13.25 12.0008 13.25H13.0008C13.6908 13.25 14.2508 12.69 14.2508 12V2.75H6.00075C4.82075 2.75 3.74073 3.38998 3.16073 4.41998C2.96073 4.77998 2.50077 4.91002 2.14077 4.71002C1.78077 4.51002 1.65073 4.05 1.85073 3.69C2.69073 2.19 4.28075 1.25 6.00075 1.25H15.0008C15.4108 1.25 15.7508 1.59 15.7508 2V12C15.7508 13.52 14.5208 14.75 13.0008 14.75Z\" fill=\"#292D32\"><\/path>\n<path d=\"M19.001 20.75H18.001C17.591 20.75 17.251 20.41 17.251 20C17.251 19.31 16.691 18.75 16.001 18.75C15.311 18.75 14.751 19.31 14.751 20C14.751 20.41 14.411 20.75 14.001 20.75H10.001C9.59098 20.75 9.25098 20.41 9.25098 20C9.25098 19.31 8.69098 18.75 8.00098 18.75C7.31098 18.75 6.75098 19.31 6.75098 20C6.75098 20.41 6.41098 20.75 6.00098 20.75H5.00098C2.93098 20.75 1.25098 19.07 1.25098 17C1.25098 16.59 1.59098 16.25 2.00098 16.25C2.41098 16.25 2.75098 16.59 2.75098 17C2.75098 18.24 3.76098 19.25 5.00098 19.25H5.35095C5.68095 18.1 6.74098 17.25 8.00098 17.25C9.26098 17.25 10.321 18.1 10.651 19.25H13.361C13.691 18.1 14.751 17.25 16.011 17.25C17.271 17.25 18.3309 18.1 18.6609 19.25H19.001C20.241 19.25 21.251 18.24 21.251 17V14.75H19.001C18.041 14.75 17.251 13.96 17.251 13V10C17.251 9.04 18.031 8.25 19.001 8.25L17.931 6.38C17.711 5.99 17.291 5.75 16.841 5.75H15.751V12C15.751 13.52 14.521 14.75 13.001 14.75H12.001C11.591 14.75 11.251 14.41 11.251 14C11.251 13.59 11.591 13.25 12.001 13.25H13.001C13.691 13.25 14.251 12.69 14.251 12V5C14.251 4.59 14.591 4.25 15.001 4.25H16.841C17.831 4.25 18.741 4.78001 19.231 5.64001L20.941 8.63C21.071 8.86 21.071 9.15 20.941 9.38C20.811 9.61 20.561 9.75 20.291 9.75H19.001C18.861 9.75 18.751 9.86 18.751 10V13C18.751 13.14 18.861 13.25 19.001 13.25H22.001C22.411 13.25 22.751 13.59 22.751 14V17C22.751 19.07 21.071 20.75 19.001 20.75Z\" fill=\"#292D32\"><\/path>\n<path d=\"M8.00098 22.75C6.48098 22.75 5.25098 21.52 5.25098 20C5.25098 18.48 6.48098 17.25 8.00098 17.25C9.52098 17.25 10.751 18.48 10.751 20C10.751 21.52 9.52098 22.75 8.00098 22.75ZM8.00098 18.75C7.31098 18.75 6.75098 19.31 6.75098 20C6.75098 20.69 7.31098 21.25 8.00098 21.25C8.69098 21.25 9.25098 20.69 9.25098 20C9.25098 19.31 8.69098 18.75 8.00098 18.75Z\" fill=\"#292D32\"><\/path>\n<path d=\"M16.001 22.75C14.481 22.75 13.251 21.52 13.251 20C13.251 18.48 14.481 17.25 16.001 17.25C17.521 17.25 18.751 18.48 18.751 20C18.751 21.52 17.521 22.75 16.001 22.75ZM16.001 18.75C15.311 18.75 14.751 19.31 14.751 20C14.751 20.69 15.311 21.25 16.001 21.25C16.691 21.25 17.251 20.69 17.251 20C17.251 19.31 16.691 18.75 16.001 18.75Z\" fill=\"#292D32\"><\/path>\n<path d=\"M22.001 14.75H19.001C18.041 14.75 17.251 13.96 17.251 13V10C17.251 9.04 18.041 8.25 19.001 8.25H20.291C20.561 8.25 20.811 8.39 20.941 8.63L22.651 11.63C22.711 11.74 22.751 11.87 22.751 12V14C22.751 14.41 22.411 14.75 22.001 14.75ZM19.001 9.75C18.861 9.75 18.751 9.86 18.751 10V13C18.751 13.14 18.861 13.25 19.001 13.25H21.251V12.2L19.851 9.75H19.001Z\" fill=\"#292D32\"><\/path>\n<path d=\"M8.00098 8.75H2.00098C1.59098 8.75 1.25098 8.41 1.25098 8C1.25098 7.59 1.59098 7.25 2.00098 7.25H8.00098C8.41098 7.25 8.75098 7.59 8.75098 8C8.75098 8.41 8.41098 8.75 8.00098 8.75Z\" fill=\"#292D32\"><\/path>\n<path d=\"M6.00098 11.75H2.00098C1.59098 11.75 1.25098 11.41 1.25098 11C1.25098 10.59 1.59098 10.25 2.00098 10.25H6.00098C6.41098 10.25 6.75098 10.59 6.75098 11C6.75098 11.41 6.41098 11.75 6.00098 11.75Z\" fill=\"#292D32\"><\/path>\n<path d=\"M4.00098 14.75H2.00098C1.59098 14.75 1.25098 14.41 1.25098 14C1.25098 13.59 1.59098 13.25 2.00098 13.25H4.00098C4.41098 13.25 4.75098 13.59 4.75098 14C4.75098 14.41 4.41098 14.75 4.00098 14.75Z\" fill=\"#292D32\"><\/path>\n<\/svg>","title":"Shipping Information","tfs":12,"tbdr":false,"bbdr":false,"bdrcl":"#eeeeee","opt":"txt","richtxt":"<p>We aim to get your favorite tees to you as quickly and safely as possible!<br\/><br\/><strong>Order Processing Time<\/strong>: All orders are processed within 1–2 business days.<br\/><br\/><strong>Shipping Time<\/strong>: Once dispatched, delivery typically takes 3–7 business days, depending on your location.<br\/><br\/><strong>Tracking<\/strong>: A tracking link will be shared with you via email\/SMS once your order is shipped.<br\/><br\/><strong>Shipping Charges<\/strong>: Shipping is free on all prepaid orders. COD (Cash on Delivery) may include an additional fee.<br\/><br\/><strong>Note<\/strong>: During peak sale periods or unforeseen delays (weather, courier issues), shipments may take slightly longer. We appreciate your patience.<\/p>","custom_liquid_table":"","tbopen":false,"bm":0}},"coltabs_BF9Cae":{"type":"coltabs","settings":{"icon":"package","svg_code":"<svg width=\"24\" height=\"24\" viewbox=\"0 0 24 24\" fill=\"none\" xmlns=\"https:\/\/www.w3.org\/2000\/svg\">\n<path d=\"M3.17102 7.43994L12.001 12.5499L20.771 7.46994\" stroke=\"#292D32\" stroke-width=\"1.5\" stroke-linecap=\"round\" stroke-linejoin=\"round\"><\/path>\n<path d=\"M12.001 21.61V12.54\" stroke=\"#292D32\" stroke-width=\"1.5\" stroke-linecap=\"round\" stroke-linejoin=\"round\"><\/path>\n<path d=\"M9.93099 2.48004L4.59099 5.44004C3.38099 6.11004 2.39099 7.79004 2.39099 9.17004V14.82C2.39099 16.2 3.38099 17.88 4.59099 18.55L9.93099 21.52C11.071 22.15 12.941 22.15 14.081 21.52L19.421 18.55C20.631 17.88 21.621 16.2 21.621 14.82V9.17004C21.621 7.79004 20.631 6.11004 19.421 5.44004L14.081 2.47004C12.931 1.84004 11.071 1.84004 9.93099 2.48004Z\" stroke=\"#292D32\" stroke-width=\"1.5\" stroke-linecap=\"round\" stroke-linejoin=\"round\"><\/path>\n<\/svg>","title":"Return Information","tfs":12,"tbdr":false,"bbdr":false,"bdrcl":"#eeeeee","opt":"txt","richtxt":"<p><strong>Please note:<br\/>*Sale variants are not eligible for return or exchange.<br\/>*Orders placed during sales cannot be modified.<\/strong><br\/><br\/>We’re committed to making sure you love what you wear! If you're not completely satisfied with your purchase, we offer a hassle-free 7-day return and exchange policy — no questions asked.<br\/><br\/>Simply visit our Return Dashboard to initiate your request, and we'll take care of the rest.<br\/><br\/>For more information, please refer to our complete return policy here.<br\/><br\/>Shop with confidence. We've got your back.<\/p>","custom_liquid_table":"","tbopen":false,"bm":0}},"customc_cLRKBE":{"type":"customc","settings":{"custom_liquid":"<!-- Start of Judge.me code --> \n  <div style='clear:both'><\/div> \n  <div id='judgeme_product_reviews' class='jdgm-widget jdgm-review-widget' data-product-title='{{ product.title | escape }}' data-id='{{ product.id }}' data-auto-install='false'> \n    {{ product.metafields.judgeme.widget }} \n  <\/div> \n<!-- End of Judge.me code -->","bm":15}}},"block_order":["smart_badge_zXmieL","title_cWr7j8","judge_me_reviews_preview_badge_kkFVkJ","rating_37UYmt","price_Rxdn4C","link_popup_GFqBqV","countdown_w8Dfx9","shortdes_kLGwNE","variants_W83gbF","cta_p9Qaq9","img_89EtzM","link_popup_yctzGV","hr_tekm9G","shipping_time_xM7JFT","pickup_MtUniH","ordercard_cRy7kx","gift_card_widget_jjHxQW","img_7XA96W","coltabs_Pba636","coltabs_HTHNxD","coltabs_REPgnk","coltabs_Xg6hQz","coltabs_BF9Cae","customc_cLRKBE"],"custom_css":[".swatchLbl {min-height: 30px;}","summary {font-size: 13px !important;}",".jdgm-rev-widg__title {font-size: 18px !important;}",".dc-content {}"],"settings":{"image-col":"lg","prstyle":"4","prthumbs":"bottom","play_ico":"#ffffff","thumb_bdr":"#888888","przoom":true,"prlightbox":true,"arrow_mobile":false,"sprnav":true,"sprnavm":true,"scart":true,"cl_bg":"#222222","cl_txt":"#ffffff","qty_bdr":"#666666","btn-sticky":"btn7","content":"Key Highlights","content_01":"Design","result_01":"{{ product.metafields.products.pattern_print | metafield_text }}","content_02":"Fit","result_02":"","content_03":"Neck","result_03":"{{ product.metafields.shopify.neckline | metafield_text: field: 'label' }}","content_04":"Occasion","result_04":"{{ product.metafields.products.fit_style | metafield_text }}","content_05":"Sleeve Style","result_05":"{{ product.metafields.shopify[\"sleeve-length-type\"] | metafield_text: field: 'label' }}","page_width":1400,"sst":0,"ssb":80,"sstm":20,"ssbm":40,"bg":"#ffffff","sw":false}},"featured_banner_wtt8GE":{"type":"featured-banner","blocks":{"feature_dx6PGL":{"type":"feature","settings":{"svg_image":"<svg width=\"50\" height=\"50\" viewbox=\"0 0 50 50\" fill=\"none\" xmlns=\"https:\/\/www.w3.org\/2000\/svg\">\n<path d=\"M25 20.9792C21.6667 20.9792 18.9375 18.2501 18.9375 14.9167C18.9375 11.5834 21.6667 8.85425 25 8.85425C28.3333 8.85425 31.0625 11.5834 31.0625 14.9167C31.0625 18.2501 28.3333 20.9792 25 20.9792ZM25 11.9792C23.375 11.9792 22.0625 13.2917 22.0625 14.9167C22.0625 16.5417 23.375 17.8542 25 17.8542C26.625 17.8542 27.9375 16.5417 27.9375 14.9167C27.9375 13.2917 26.625 11.9792 25 11.9792Z\" fill=\"#222222\" fill-opacity=\"0.8\"><\/path>\n<path d=\"M14.1459 41.1457C10.8125 41.1457 8.08337 38.4166 8.08337 35.0833C8.08337 31.7499 10.8125 29.0208 14.1459 29.0208C17.4792 29.0208 20.2084 31.7499 20.2084 35.0833C20.2084 38.4166 17.4792 41.1457 14.1459 41.1457ZM14.1459 32.1458C12.5209 32.1458 11.2084 33.4583 11.2084 35.0833C11.2084 36.7083 12.5209 38.0207 14.1459 38.0207C15.7709 38.0207 17.0834 36.7083 17.0834 35.0833C17.0834 33.4583 15.75 32.1458 14.1459 32.1458Z\" fill=\"#222222\" fill-opacity=\"0.8\"><\/path>\n<path d=\"M35.8541 41.1457C32.5208 41.1457 29.7916 38.4166 29.7916 35.0833C29.7916 31.7499 32.5208 29.0208 35.8541 29.0208C39.1875 29.0208 41.9166 31.7499 41.9166 35.0833C41.9166 38.4166 39.2083 41.1457 35.8541 41.1457ZM35.8541 32.1458C34.2291 32.1458 32.9166 33.4583 32.9166 35.0833C32.9166 36.7083 34.2291 38.0207 35.8541 38.0207C37.4791 38.0207 38.7916 36.7083 38.7916 35.0833C38.7916 33.4583 37.4791 32.1458 35.8541 32.1458Z\" fill=\"#222222\" fill-opacity=\"0.8\"><\/path>\n<\/svg>","title":"The Defining Touch","text":"<p>Brings together fit, comfort, and style with lasting elegance.<\/p>"}},"feature_VBEp6B":{"type":"feature","settings":{"svg_image":"<svg width=\"50\" height=\"50\" viewbox=\"0 0 50 50\" fill=\"none\" xmlns=\"https:\/\/www.w3.org\/2000\/svg\">\n<path d=\"M25 35.9375C18.9792 35.9375 14.0625 31.0417 14.0625 25C14.0625 18.9583 18.9792 14.0625 25 14.0625C31.0208 14.0625 35.9375 18.9583 35.9375 25C35.9375 31.0417 31.0208 35.9375 25 35.9375ZM25 17.1875C20.6875 17.1875 17.1875 20.6875 17.1875 25C17.1875 29.3125 20.6875 32.8125 25 32.8125C29.3125 32.8125 32.8125 29.3125 32.8125 25C32.8125 20.6875 29.3125 17.1875 25 17.1875Z\" fill=\"#222222\" fill-opacity=\"0.8\"><\/path>\n<path d=\"M14.5834 26.5625H4.16675C3.31258 26.5625 2.60425 25.8542 2.60425 25C2.60425 24.1458 3.31258 23.4375 4.16675 23.4375H14.5834C15.4376 23.4375 16.1459 24.1458 16.1459 25C16.1459 25.8542 15.4376 26.5625 14.5834 26.5625Z\" fill=\"#222222\" fill-opacity=\"0.8\"><\/path>\n<path d=\"M45.8334 26.5625H35.4167C34.5626 26.5625 33.8542 25.8542 33.8542 25C33.8542 24.1458 34.5626 23.4375 35.4167 23.4375H45.8334C46.6876 23.4375 47.3959 24.1458 47.3959 25C47.3959 25.8542 46.6876 26.5625 45.8334 26.5625Z\" fill=\"#222222\" fill-opacity=\"0.8\"><\/path>\n<\/svg>","title":"Shrink-Proof","text":"<p>Keeps the t-shirt perfectly shaped, wash after wash.<\/p>"}},"feature_NiEMrh":{"type":"feature","settings":{"svg_image":"<svg width=\"42\" height=\"42\" viewbox=\"0 0 42 42\" fill=\"none\" xmlns=\"https:\/\/www.w3.org\/2000\/svg\">\n<path d=\"M30.5374 30.2751C27.5974 30.2751 24.8849 28.8926 23.1174 26.4601C22.6974 25.8826 22.8199 25.0601 23.3974 24.6226C23.9749 24.1851 24.7974 24.3251 25.2349 24.9026C26.5124 26.6351 28.4374 27.6326 30.5374 27.6326C34.1949 27.6326 37.1874 24.6576 37.1874 20.9826C37.1874 17.3076 34.2124 14.3326 30.5374 14.3326C28.0524 14.3326 25.7074 15.6626 24.4299 17.7801L19.7924 25.4976C18.0424 28.4201 14.8399 30.2226 11.4449 30.2226C6.33492 30.2226 2.16992 26.0576 2.16992 20.9476C2.16992 15.8376 6.33492 11.6726 11.4449 11.6726C14.3849 11.6726 17.0974 13.0551 18.8649 15.4876C19.2849 16.0651 19.1624 16.8876 18.5849 17.3251C17.9899 17.7626 17.1849 17.6226 16.7474 17.0451C15.4874 15.3476 13.5624 14.3501 11.4624 14.3501C7.80492 14.3501 4.81242 17.3251 4.81242 21.0001C4.81242 24.6751 7.78742 27.6501 11.4624 27.6501C13.9474 27.6501 16.2924 26.3201 17.5699 24.2026L22.2074 16.4851C23.9574 13.5626 27.1599 11.7601 30.5549 11.7601C35.6649 11.7601 39.8299 15.9251 39.8299 21.0351C39.8299 26.1451 35.6474 30.2751 30.5374 30.2751Z\" fill=\"#222222\" fill-opacity=\"0.8\"><\/path>\n<path d=\"M11.375 24.5C13.308 24.5 14.875 22.933 14.875 21C14.875 19.067 13.308 17.5 11.375 17.5C9.442 17.5 7.875 19.067 7.875 21C7.875 22.933 9.442 24.5 11.375 24.5Z\" fill=\"#222222\" fill-opacity=\"0.8\"><\/path>\n<path d=\"M30.625 24.5C32.558 24.5 34.125 22.933 34.125 21C34.125 19.067 32.558 17.5 30.625 17.5C28.692 17.5 27.125 19.067 27.125 21C27.125 22.933 28.692 24.5 30.625 24.5Z\" fill=\"#222222\" fill-opacity=\"0.8\"><\/path>\n<\/svg>","title":"LuxeFit","text":"<p>Tailored for a flattering, comfortable fit.<\/p>"}},"feature_mKWDhE":{"type":"feature","settings":{"svg_image":"<svg width=\"40\" height=\"40\" viewbox=\"0 0 40 40\" fill=\"none\" xmlns=\"https:\/\/www.w3.org\/2000\/svg\">\n<path d=\"M27.0669 37.7833C26.3502 37.7833 25.4503 37.5666 24.3336 36.8999L20.6002 34.6833C20.3169 34.5166 19.6836 34.5166 19.4003 34.6833L15.6669 36.8999C13.3003 38.2999 11.8669 37.7166 11.2336 37.25C10.6002 36.7833 9.60027 35.5833 10.2169 32.9166L11.1003 29.0666C11.1669 28.7666 11.0003 28.1999 10.7836 27.9666L7.68357 24.8666C6.0169 23.1999 6.15024 21.7499 6.38357 21.0166C6.61691 20.2833 7.35024 19.0333 9.66691 18.6333L13.6503 17.9666C13.9336 17.9166 14.3836 17.5833 14.5003 17.3333L16.7002 12.9333C17.7836 10.7833 19.2169 10.45 19.9836 10.45C20.7502 10.45 22.1836 10.7666 23.2669 12.9333L25.4669 17.3333C25.6003 17.5833 26.0503 17.9166 26.3169 17.9666L30.3002 18.6333C32.6169 19.0166 33.3503 20.2833 33.5836 21.0166C33.8169 21.7499 33.9503 23.1999 32.2836 24.8666L29.1836 27.9666C28.9669 28.1833 28.8003 28.7666 28.8669 29.0666L29.7503 32.9C30.3669 35.5833 29.3836 36.7666 28.7336 37.2333C28.4336 37.4999 27.8669 37.7833 27.0669 37.7833ZM20.0003 32.0666C20.6669 32.0666 21.3336 32.2166 21.8669 32.5333L25.6002 34.75C26.5836 35.3333 27.1669 35.3333 27.2836 35.2333C27.4169 35.1333 27.5836 34.5833 27.3336 33.4833L26.4503 29.6499C26.1836 28.5166 26.6169 27.05 27.4336 26.2333L30.5336 23.1333C31.1503 22.5166 31.2836 22.0333 31.2169 21.8166C31.1503 21.5999 30.7669 21.2833 29.9003 21.1499L25.9169 20.4833C24.8502 20.2999 23.7169 19.4666 23.2336 18.5L21.0336 14.1C20.6503 13.35 20.2336 12.9999 19.9836 12.9999C19.7336 12.9999 19.3169 13.3333 18.9336 14.1L16.7336 18.5C16.2503 19.4666 15.1169 20.2999 14.0502 20.4833L10.0669 21.1499C9.20028 21.2999 8.81693 21.5999 8.75026 21.8166C8.6836 22.0333 8.81693 22.5166 9.4336 23.1333L12.5336 26.2333C13.3502 27.05 13.7836 28.5333 13.5169 29.6499L12.6336 33.5C12.3836 34.6166 12.5502 35.1666 12.6836 35.2499C12.8169 35.3499 13.4003 35.3499 14.3669 34.7666L18.1002 32.5499C18.6669 32.2333 19.3336 32.0666 20.0003 32.0666Z\" fill=\"#222222\" fill-opacity=\"0.8\"><\/path>\n<path d=\"M10 16.2499C9.31667 16.2499 8.75 15.6833 8.75 14.9999V3.33325C8.75 2.64992 9.31667 2.08325 10 2.08325C10.6833 2.08325 11.25 2.64992 11.25 3.33325V14.9999C11.25 15.6833 10.6833 16.2499 10 16.2499Z\" fill=\"#222222\" fill-opacity=\"0.8\"><\/path>\n<path d=\"M30 16.2499C29.3167 16.2499 28.75 15.6833 28.75 14.9999V3.33325C28.75 2.64992 29.3167 2.08325 30 2.08325C30.6833 2.08325 31.25 2.64992 31.25 3.33325V14.9999C31.25 15.6833 30.6833 16.2499 30 16.2499Z\" fill=\"#222222\" fill-opacity=\"0.8\"><\/path>\n<path d=\"M20 7.91659C19.3167 7.91659 18.75 7.34992 18.75 6.66659V3.33325C18.75 2.64992 19.3167 2.08325 20 2.08325C20.6833 2.08325 21.25 2.64992 21.25 3.33325V6.66659C21.25 7.34992 20.6833 7.91659 20 7.91659Z\" fill=\"#222222\" fill-opacity=\"0.8\"><\/path>\n<\/svg>","title":"LuxeShine","text":"<p>Adds a subtle, premium sheen to the fabric.<\/p>"}},"feature_977T6j":{"type":"feature","settings":{"svg_image":"<svg width=\"36\" height=\"36\" viewbox=\"0 0 36 36\" fill=\"none\" xmlns=\"https:\/\/www.w3.org\/2000\/svg\">\n<path d=\"M27.75 34.125C24.24 34.125 21.375 31.26 21.375 27.75V27C21.375 26.385 21.885 25.875 22.5 25.875C23.115 25.875 23.625 26.385 23.625 27V27.75C23.625 30.03 25.47 31.875 27.75 31.875C30.03 31.875 31.875 30.03 31.875 27.75C31.875 25.47 30.03 23.625 27.75 23.625H3C2.385 23.625 1.875 23.115 1.875 22.5C1.875 21.885 2.385 21.375 3 21.375H27.75C31.26 21.375 34.125 24.24 34.125 27.75C34.125 31.26 31.26 34.125 27.75 34.125Z\" fill=\"#222222\" fill-opacity=\"0.8\"><\/path>\n<path d=\"M27.75 19.125H3C2.385 19.125 1.875 18.615 1.875 18C1.875 17.385 2.385 16.875 3 16.875H27.75C30.03 16.875 31.875 15.03 31.875 12.75C31.875 10.47 30.03 8.625 27.75 8.625C25.47 8.625 23.625 10.47 23.625 12.75V13.5C23.625 14.115 23.115 14.625 22.5 14.625C21.885 14.625 21.375 14.115 21.375 13.5V12.75C21.375 9.24 24.24 6.375 27.75 6.375C31.26 6.375 34.125 9.24 34.125 12.75C34.125 16.26 31.26 19.125 27.75 19.125Z\" fill=\"#222222\" fill-opacity=\"0.8\"><\/path>\n<path d=\"M13.965 14.6249H3C2.385 14.6249 1.875 14.1149 1.875 13.4999C1.875 12.8849 2.385 12.3749 3 12.3749H13.965C15.57 12.3749 16.875 11.0699 16.875 9.46493C16.875 7.85993 15.57 6.55493 13.965 6.55493C12.36 6.55493 11.055 7.85993 11.055 9.46493V10.0349C11.055 10.6499 10.545 11.1599 9.92999 11.1599C9.31499 11.1599 8.80499 10.6499 8.80499 10.0349V9.46493C8.80499 6.61493 11.115 4.30493 13.965 4.30493C16.815 4.30493 19.125 6.61493 19.125 9.46493C19.125 12.3149 16.815 14.6249 13.965 14.6249Z\" fill=\"#222222\" fill-opacity=\"0.8\"><\/path>\n<\/svg>","title":"LuxeSoft","text":"<p>Ultra-soft texture that feels luxurious against the skin.<\/p>"}},"feature_pQpmUG":{"type":"feature","settings":{"svg_image":"<svg width=\"36\" height=\"36\" viewbox=\"0 0 36 36\" fill=\"none\" xmlns=\"https:\/\/www.w3.org\/2000\/svg\">\n<path d=\"M18 13.875C17.385 13.875 16.875 13.365 16.875 12.75V4.5C16.875 3.885 17.385 3.375 18 3.375C18.615 3.375 19.125 3.885 19.125 4.5V12.75C19.125 13.365 18.615 13.875 18 13.875Z\" fill=\"#222222\" fill-opacity=\"0.8\"><\/path>\n<path d=\"M18 32.625C17.385 32.625 16.875 32.115 16.875 31.5V23.25C16.875 22.635 17.385 22.125 18 22.125C18.615 22.125 19.125 22.635 19.125 23.25V31.5C19.125 32.115 18.615 32.625 18 32.625Z\" fill=\"#222222\" fill-opacity=\"0.8\"><\/path>\n<path d=\"M21 5.625H15C14.385 5.625 13.875 5.115 13.875 4.5C13.875 3.885 14.385 3.375 15 3.375H21C21.615 3.375 22.125 3.885 22.125 4.5C22.125 5.115 21.615 5.625 21 5.625Z\" fill=\"#222222\" fill-opacity=\"0.8\"><\/path>\n<path d=\"M21 32.625H15C14.385 32.625 13.875 32.115 13.875 31.5C13.875 30.885 14.385 30.375 15 30.375H21C21.615 30.375 22.125 30.885 22.125 31.5C22.125 32.115 21.615 32.625 21 32.625Z\" fill=\"#222222\" fill-opacity=\"0.8\"><\/path>\n<path d=\"M13.4552 16.5C13.2602 16.5 13.0652 16.455 12.9002 16.35L5.7602 12.225C5.2202 11.91 5.0402 11.22 5.3552 10.695C5.6702 10.155 6.3602 9.97501 6.8852 10.29L14.0252 14.415C14.5652 14.73 14.7452 15.42 14.4302 15.945C14.2202 16.305 13.8452 16.5 13.4552 16.5Z\" fill=\"#222222\" fill-opacity=\"0.8\"><\/path>\n<path d=\"M29.6849 25.875C29.4899 25.875 29.2949 25.83 29.1299 25.725L21.9899 21.6C21.4499 21.285 21.2699 20.595 21.5849 20.07C21.8999 19.53 22.5899 19.35 23.1149 19.665L30.2549 23.79C30.7949 24.105 30.9749 24.795 30.6599 25.32C30.4499 25.68 30.0749 25.875 29.6849 25.875Z\" fill=\"#222222\" fill-opacity=\"0.8\"><\/path>\n<path d=\"M4.8152 14.97C4.6202 14.97 4.4252 14.925 4.2602 14.82C3.7202 14.505 3.5402 13.815 3.8552 13.29L6.8552 8.10003C7.1702 7.56003 7.8602 7.38004 8.3852 7.69504C8.9252 8.01004 9.1052 8.70003 8.7902 9.22503L5.7902 14.415C5.5802 14.775 5.1902 14.97 4.8152 14.97Z\" fill=\"#222222\" fill-opacity=\"0.8\"><\/path>\n<path d=\"M28.1853 28.47C27.9903 28.47 27.7953 28.425 27.6303 28.32C27.0903 28.005 26.9103 27.315 27.2253 26.79L30.2253 21.6C30.5403 21.06 31.2303 20.88 31.7553 21.195C32.2953 21.51 32.4753 22.2 32.1603 22.725L29.1603 27.915C28.9653 28.275 28.5753 28.47 28.1853 28.47Z\" fill=\"#222222\" fill-opacity=\"0.8\"><\/path>\n<path d=\"M18 24.3751C15.735 24.3751 13.62 23.1602 12.48 21.1952C11.91 20.2052 11.625 19.1401 11.625 18.0001C11.625 16.8601 11.91 15.7952 12.48 14.8202C13.62 12.8552 15.735 11.6401 18 11.6401C20.265 11.6401 22.38 12.8552 23.52 14.8202C24.09 15.8102 24.375 16.8751 24.375 18.0151C24.375 19.1551 24.09 20.2202 23.52 21.1952C22.38 23.1602 20.265 24.3751 18 24.3751ZM18 13.8751C16.53 13.8751 15.165 14.6702 14.43 15.9452C14.07 16.5752 13.875 17.2801 13.875 18.0001C13.875 18.7201 14.055 19.4252 14.43 20.0702C15.165 21.3452 16.53 22.1401 18 22.1401C19.47 22.1401 20.835 21.3452 21.57 20.0702C21.93 19.4402 22.125 18.7351 22.125 18.0151C22.125 17.2951 21.945 16.5902 21.57 15.9452C20.835 14.6702 19.47 13.8751 18 13.8751Z\" fill=\"#222222\" fill-opacity=\"0.8\"><\/path>\n<path d=\"M22.5449 16.5C22.1549 16.5 21.7799 16.305 21.5699 15.93C21.2549 15.39 21.4499 14.7 21.9749 14.4L29.1149 10.275C29.6549 9.96 30.3449 10.155 30.6449 10.68C30.9599 11.22 30.7649 11.91 30.2399 12.21L23.0999 16.335C22.9349 16.455 22.7399 16.5 22.5449 16.5Z\" fill=\"#222222\" fill-opacity=\"0.8\"><\/path>\n<path d=\"M6.31519 25.875C5.92519 25.875 5.55018 25.68 5.34018 25.305C5.02518 24.765 5.22018 24.075 5.74518 23.775L12.8852 19.65C13.4252 19.335 14.1152 19.53 14.4152 20.055C14.7302 20.595 14.5352 21.285 14.0102 21.585L6.87018 25.71C6.70518 25.83 6.51019 25.875 6.31519 25.875Z\" fill=\"#222222\" fill-opacity=\"0.8\"><\/path>\n<path d=\"M31.1853 14.97C30.7953 14.97 30.4203 14.775 30.2103 14.4L27.2103 9.21003C26.8953 8.67003 27.0903 7.98003 27.6153 7.68003C28.1553 7.36503 28.8453 7.56003 29.1453 8.08503L32.1453 13.275C32.4603 13.815 32.2653 14.505 31.7403 14.805C31.5753 14.925 31.3803 14.97 31.1853 14.97Z\" fill=\"#222222\" fill-opacity=\"0.8\"><\/path>\n<path d=\"M7.81519 28.47C7.42519 28.47 7.05019 28.275 6.84019 27.9L3.84018 22.71C3.52518 22.17 3.72018 21.48 4.24518 21.18C4.78518 20.865 5.47518 21.06 5.77518 21.585L8.77519 26.775C9.09019 27.315 8.89519 28.005 8.37019 28.305C8.19019 28.425 7.99519 28.47 7.81519 28.47Z\" fill=\"#222222\" fill-opacity=\"0.8\"><\/path>\n<\/svg>","title":"True Durability","text":"<p>Built to last while remaining lightweight & breathable for all-day wear.<\/p>"}}},"block_order":["feature_dx6PGL","feature_VBEp6B","feature_NiEMrh","feature_mKWDhE","feature_977T6j","feature_pQpmUG"],"name":"Featured Banner","settings":{"media_type":"image","image":"shopify:\/\/shop_images\/Signature_Difference.jpg","video_autoplay":true,"video_loop":true,"video_muted":true,"video_controls":false,"layout":"left","tbg":"#e9e9e9","tbgg":"","talign":"tc","talignv":"f-aic","maxwd":100,"txtpd":false,"title":"The Defining Touch","tff":"ft2","fs":42,"fsm":35,"fw":"500","lh":1.3,"text":"<p><strong>The Defining Touch<\/strong> brings together fit, comfort, and style. Luxuriously soft fabric with a subtle sheen ensures lasting elegance. Crafted to maintain shape and withstand wear, it’s a t-shirt that stands apart.<\/p>","tfs":13,"tfsm":12,"tlh":1.5,"style":"stl1","showicn":true,"icns":50,"icnsm":30,"border_radius":15,"fttfs":15,"fttfsm":13,"ftfw":"600","ftlh":1.3,"ftfs":13,"ftfsm":13,"cl":"#222222","grid":2,"gridtb":2,"gridmb":3,"btn":"","link":"\/","btn-style":"btn1","btn-size":"btn-sm","sbrad":0,"sw":true,"bg":"#e9e9e9","bgg":"","overlay":"#000000","overlay_op":0,"sst":40,"ssb":40,"sstm":15,"ssbm":15,"hidem":false,"hided":false}},"collection_design_iywEfU":{"type":"collection-design","blocks":{"collection_W4mr9k":{"type":"collection","settings":{"collection":"ash-dune","custom_title":"","description":""}},"collection_qhtAcA":{"type":"collection","settings":{"collection":"bharat-legacy","custom_title":"","description":""}},"collection_wqYcnA":{"type":"collection","settings":{"collection":"shaurya-collection","custom_title":"","description":""}},"collection_niXtUm":{"type":"collection","settings":{"collection":"polo-t-shirt","custom_title":"","description":""}}},"block_order":["collection_W4mr9k","collection_qhtAcA","collection_wqYcnA","collection_niXtUm"],"name":"Our Collection","settings":{"title":"Our Collection","subtitle":"","sw":true,"sst":40,"ssb":80,"sstm":20,"ssbm":20,"hidem":false,"hided":false,"media_type":"image","image":"shopify:\/\/shop_images\/GeneratedImageSeptember04_2025-12_15AM.jpg","video_url":"","media_fit":"contain","media_position":"center","video_aspect_ratio":55,"layout_style":"list","layout_type":"horizontal","enable_sticky":true,"sticky_offset":40,"columns_desktop":1,"columns_mobile":1,"container_width":1400,"padding_top":60,"padding_bottom":60,"bg_color":"#ffffff","item_bg":"#ffffff","border_color":"#ffffff","border_radius":15,"item_padding":20,"item_spacing":16,"grid_gap":20,"enable_header":true,"enable_image":true,"enable_title":true,"enable_subtitle":false,"enable_description":true,"enable_count":true,"enable_arrow":true,"header_align":"left","header_margin":40,"section_title_size":32,"section_title_weight":600,"section_title_color":"#333333","section_title_margin":8,"section_subtitle_size":16,"section_subtitle_color":"#666666","subtitle_width":600,"image_size":150,"image_height":200,"image_border_radius":6,"image_hover_scale":105,"content_spacing":16,"title_size":18,"title_weight":600,"title_color":"#333333","title_margin":4,"subtitle_size":14,"subtitle_weight":500,"subtitle_color":"#666666","subtitle_margin":4,"desc_size":14,"desc_color":"#555555","desc_lines":2,"count_position":"inline","count_size":12,"count_color":"#888888","count_bg":"#ffffffe6","count_padding":4,"count_border_radius":4,"count_weight":500,"count_top":8,"count_right":8,"count_margin":6,"arrow_size":40,"arrow_icon_size":30,"arrow_bg":"#ffffff","arrow_color":"#222222","hover_lift":6,"hover_shadow":0,"mobile_direction":"horizontal","mobile_padding":16}},"brand_comparison_NdD3m9":{"type":"brand-comparison","blocks":{"comparison_row_rBHAEt":{"type":"comparison_row","settings":{"feature_name":"Fabric Density","brand1_value":"280 GSM","brand1_arrow":"up","brand1_icon":"","brand2_value":"180 GSM","brand2_arrow":"down","brand2_icon":""}},"comparison_row_xHaY9K":{"type":"comparison_row","settings":{"feature_name":"RIB Construction","brand1_value":"Double-needle ribbed","brand1_arrow":"up","brand1_icon":"","brand2_value":"Single-needle","brand2_arrow":"down","brand2_icon":""}},"comparison_row_4meN7z":{"type":"comparison_row","settings":{"feature_name":"Seam Technology","brand1_value":"Triple-reinforced","brand1_arrow":"up","brand1_icon":"","brand2_value":"Standard seams","brand2_arrow":"down","brand2_icon":""}},"comparison_row_4dmQ9T":{"type":"comparison_row","settings":{"feature_name":"Moisture Management","brand1_value":"Hydrophobic fiber blend","brand1_arrow":"up","brand1_icon":"","brand2_value":"Basic cotton","brand2_arrow":"down","brand2_icon":""}},"comparison_row_fw9kK6":{"type":"comparison_row","settings":{"feature_name":"Dye Quality","brand1_value":"OEKO-TEX certified","brand1_arrow":"up","brand1_icon":"","brand2_value":"Standard dyes","brand2_arrow":"down","brand2_icon":""}},"comparison_row_7az4LV":{"type":"comparison_row","settings":{"feature_name":"Antimicrobial","brand1_value":"Silver ion technology","brand1_arrow":"up","brand1_icon":"","brand2_value":"None","brand2_arrow":"down","brand2_icon":""}},"comparison_row_AL3wei":{"type":"comparison_row","settings":{"feature_name":"Fit Engineering","brand1_value":"Ergonomic with stretch zones","brand1_arrow":"up","brand1_icon":"","brand2_value":"Standard fit","brand2_arrow":"down","brand2_icon":""}},"comparison_row_txY6RC":{"type":"comparison_row","settings":{"feature_name":"Thread Count","brand1_value":"40s combed cotton (200 TC)","brand1_arrow":"up","brand1_icon":"","brand2_value":"20s cotton (150 TC)","brand2_arrow":"down","brand2_icon":""}}},"block_order":["comparison_row_rBHAEt","comparison_row_xHaY9K","comparison_row_4meN7z","comparison_row_4dmQ9T","comparison_row_fw9kK6","comparison_row_7az4LV","comparison_row_AL3wei","comparison_row_txY6RC"],"name":"Brand Comparison","settings":{"title":"What Makes us Different","subtitle":"","italic_fancy_font":false,"italic_font_selection":"primary","media_type":"image","image":"shopify:\/\/shop_images\/GeneratedImageSeptember04_2025-12_14AM.jpg","video_url":"","media_fit":"cover","media_position":"center","video_aspect_ratio":55,"brand1_icon_color":"#3baa5c","brand2_icon_color":"#d26464","show_header":true,"header_feature_text":"Features","header_brand1_text":"Our Brand","header_brand2_text":"Competitor","header_bg":"#f8f9fa","header_text_color":"#212529","header_border_color":"#eeeeee","header_border_width":0,"header_padding":16,"header_font_size":16,"header_font_weight":500,"header_text_align":"left","header_margin_bottom":8,"max_width":1400,"column_width":30,"row_gap":12,"row_bg":"#ffffff","row_hover_bg":"#f8f9fa","row_text_color":"#212529","row_hover_border_color":"#007bff","row_border_width":1,"row_padding":14,"row_font_size":15,"row_line_height":1.4,"feature_text_color":"#212529","feature_font_weight":600,"feature_text_align":"left","brand_text_align":"left","icon_size":20,"arrow_size":6,"arrow_up_color":"#3baa5c","arrow_down_color":"#d26464","mobile_font_size":14,"mobile_padding":12,"sw":true,"bg":"#ffffff","bgg":"","overlay":"#3d4246","overlay_op":0,"headings_cl":"","sst":80,"ssb":80,"sstm":25,"ssbm":25,"hidem":false,"hided":false}},"related":{"type":"related-products","settings":{"title":"Related Products","italic_fancy_font":true,"italic_font_selection":"secondary","subtitle":"","type":"1","grid":4,"gridtb":3,"gridmb":1.5,"limit":5,"carousel":true,"loop":false,"autoplay":false,"speed":5,"arrow":true,"arrowm":false,"dot":false,"dotm":false,"sw":true,"bg":"#ffffff","bgg":"","headings_cl":"#000000","sst":40,"ssb":80,"sstm":15,"ssbm":15,"hidem":false,"hided":false}},"recentviewed":{"type":"recently-viewed","settings":{"title":"Recently Viewed Products","italic_fancy_font":true,"italic_font_selection":"secondary","subtitle":"","grid":4,"gridtb":3,"gridmb":1.5,"row":6,"carousel":true,"loop":true,"autoplay":true,"speed":5,"arrow":true,"arrowm":false,"dot":false,"dotm":false,"sw":true,"bg":"#ffffff","bgg":"","headings_cl":"#111111","sst":80,"ssb":80,"sstm":15,"ssbm":20,"hidem":false,"hided":false}}},"order":["breadcrumb","main","featured_banner_wtt8GE","collection_design_iywEfU","brand_comparison_NdD3m9","related","recentviewed"]}