{"name":"Footer Group","type":"footer","sections":{"text_with_icons_kKUiAT":{"type":"text-with-icons","blocks":{"text_block_gMy6cD":{"type":"text_block","settings":{"title":"NATION WIDE DELIVERY","text":"RECEIVE YOUR ORDER ANYWHERE IN INDIA.","url":""}},"text_block_xAakjf":{"type":"text_block","settings":{"title":"FAST SHIPPING","text":"SUPER FAST SHIPPING IN 48 HOURS.","url":""}},"text_block_9GXLPN":{"type":"text_block","settings":{"title":"CUSTOMER SERVICE","text":"WE ARE AVAILABLE FROM MONDAY TO FRIDAY TO ANSWER YOUR QUESTIONS.","url":""}},"text_block_VVrgHA":{"type":"text_block","settings":{"title":"SECURE PAYMENT","text":"YOUR PAYMENT INFORMATION IS PROCESSED SECURELY.","url":""}}},"block_order":["text_block_gMy6cD","text_block_xAakjf","text_block_9GXLPN","text_block_VVrgHA"],"custom_css":[],"name":"Text with Icons","settings":{"title":"","subtitle":"","style":"stl1","grid":4,"gridtb":4,"gridmb":1,"col-gap":0,"row-gap":0,"showicn":false,"icns":30,"icnsm":30,"htag":"h3","tff":"ft3","tfs":14,"tfsm":10,"tfw":"400","fs":13,"fsm":12,"cl":"#ffffff","box":true,"boxbg":"#535353","bdr":"#ffffff","brad":0,"autoplay":true,"speed":5,"sw":true,"npd":true,"bg":"#190306","bgg":"","overlay":"#535353","overlay_op":0,"headings_cl":"","sst":0,"ssb":0,"sstm":0,"ssbm":0,"hidem":false,"hided":false}},"footer":{"type":"footer","blocks":{"image_tG48PE":{"type":"image","disabled":true,"settings":{"hidem":false,"socials":true,"socttl":"Stay Connected","title":"","txt":"Teevore is a bold fashion-forward T-shirt brand delivering high-quality, statement pieces for everyday rebels and trendsetters. Crafted for comfort. Designed to stand out.","url1":"","logo-wd":200,"logomr":true,"url2":"","logo-wd2":200,"issep":true,"width":"wd30"}},"image_overlay_GUXiry":{"type":"image_overlay","settings":{"image":"shopify:\/\/shop_images\/Group_113_f48445d8-fcb9-4998-bc55-06486fc06e3e_1.png","position":"right","height":"custom","custom_height":500,"bottom_offset":10,"z_index":1}},"menu_CjaxxX":{"type":"menu","settings":{"hidem":false,"title":"Shop","menu":"categories","issep":false,"width":"wd20"}},"menu_zxn8GL":{"type":"menu","settings":{"hidem":false,"title":"Capsule","menu":"capsule","issep":false,"width":"wd20"}},"menu_AR3bb4":{"type":"menu","settings":{"hidem":false,"title":"Collections","menu":"collections","issep":false,"width":"wd20"}},"menu_pizTUw":{"type":"menu","settings":{"hidem":false,"title":"Services","menu":"account-services","issep":false,"width":"wd20"}},"menu_geWQfi":{"type":"menu","settings":{"hidem":false,"title":"Policies","menu":"policies","issep":false,"width":"wd20"}},"hrline_pFJVVg":{"type":"hrline","settings":{"lineclr":"#414042","hidem":true,"mar":15}},"image_ViEpEH":{"type":"image","settings":{"hidem":false,"socials":true,"socttl":"Stay Connected","title":"","txt":"Teevore is a bold fashion-forward T-shirt brand delivering high-quality, statement pieces for everyday rebels and trendsetters. Crafted for comfort. Designed to stand out.","logo":"shopify:\/\/shop_images\/Group_13.png","url1":"","logo-wd":300,"logomr":true,"url2":"","logo-wd2":300,"issep":true,"width":"wd60"}},"newsletter_6PDjNR":{"type":"newsletter","settings":{"hidem":false,"title":"Newsletter","txt":"Enter your email to receive daily news and get 20% off coupon for all items. NO spam, we promise","rich_txt":"","socials":false,"socttl":"Stay Connected","issep":false,"width":"wd40","tf_bg":"#ffffff","tf_txt":"#000000","btncl":"#ffffff","btnbg":"#333333","btnclh":"#ffffff","btnbgh":"#333333"}},"hrline_eUgDHq":{"type":"hrline","settings":{"lineclr":"#414042","hidem":true,"mar":0}}},"block_order":["image_tG48PE","image_overlay_GUXiry","menu_CjaxxX","menu_zxn8GL","menu_AR3bb4","menu_pizTUw","menu_geWQfi","hrline_pFJVVg","image_ViEpEH","newsletter_6PDjNR","hrline_eUgDHq"],"custom_css":[".newsletter_txt {padding: 18px 24px;}"],"settings":{"sw":true,"space":false,"copyright_text":"© 2025,TeeVore. All Rights Reserved.","show_designby":false,"show_payment":true,"payimg":"shopify:\/\/shop_images\/SVG_Payment_logo.svg","payimgwd":400,"tcl":"#ffffff","ff":"ft1","tfs":17,"tfsm":14,"tfw":"500","cl":"#ffffff","clh":"#ffffff","fs":13,"fsm":12,"icn":"#ffffff","ifs":21,"bg":"#190306","bgg":"","bgrep":"inherit","bgpos":"center_center","bgsz":"auto","bgat":"scroll","bdr":"#222222","bdrm":"#535353"}}},"order":["text_with_icons_kKUiAT","footer"]}