{"type":"header","name":"Header Group","sections":{"promotion_bar_w3fybd":{"type":"promotion-bar","blocks":{"bar_FgrC7M":{"type":"bar","settings":{"title":"UP TO 30% OFF ON THE ENTIRE STORE! HURRY UP!","date":"06\/20\/2025","btn_txt":"Shop Now","link":"","hdbtn":true}},"bar_mfRjPb":{"type":"bar","settings":{"title":"UP TO 20% OFF ON THE SELECTED STORE! hurry up!","date":"06\/20\/2025","btn_txt":"Shop Now","link":"","hdbtn":true}},"sc_CpBzhV":{"type":"sc","settings":{"hdm":false,"al":"tl"}},"cl_zFkAVG":{"type":"cl","settings":{"sc":false,"menu":"","txt":"","hdm":false,"al":"tr f-jce"}}},"block_order":["bar_FgrC7M","bar_mfRjPb","sc_CpBzhV","cl_zFkAVG"],"name":"Promotion Bar","settings":{"fontFm":"ft1","fts":14,"ftsm":13,"fw":"400","lh":1,"cl":"#fdca40","clhl":"#ffde00","cnt_txt":"#e74646","btncl":"#414042","btnbg":"#333333","fade":true,"autoplay":true,"speed":5,"arrow":false,"arrowm":false,"arr_show":"hover","sw":false,"bgg":"","overlay":"#3d4246","overlay_op":0,"sst":10,"ssb":10,"sstm":15,"ssbm":15,"hidem":false,"hided":false,"track_order":"","track_order_text":"Track Order"}},"mobile_social_bar_mVmVUr":{"type":"Mobile-social-bar","blocks":{"social_YDwiXk":{"type":"social","settings":{"al":"tl"}},"button_PMBNLe":{"type":"button","settings":{"btn_text":"B2B Sales","btn_link":"","btn_text_color":"#ffffff","btn_bg_color":"#333333","btn_border_color":"#333333","hide_mobile":false}}},"block_order":["social_YDwiXk","button_PMBNLe"],"disabled":true,"name":"Social Bar","settings":{"fts":14,"ftsm":12,"fw":"400","cl":"#333333","sw":true,"bg":"#f1f1f1","bgg":"","border_color":"#d0d0d0","sst":10,"ssb":10,"sstm":8,"ssbm":8,"hidem":false,"hided":true}},"header_menu_inline_BfEpq8":{"type":"header-menu-inline","blocks":{"m2_nFnNtR":{"type":"m2","settings":{"title":"Shop","url":"","menu":"categories","lgrid":1,"pttl":"BEST SELLER","products":["chasing-the-apex-t-shirt","follow-the-path-t-shirt","fearless-t-shirt","duty-t-shirt","golden-hour-graphic-tee","goddess-of-light-t-shirt","full-throttle-t-shirt","hopeful-vision-t-shirt","ignite-fuel-the-speed-t-shirt"],"grid":3,"pcolWd":50,"prodall":"View All","btn-style":"btn3","ftcl":true,"colWd":30,"image":"shopify:\/\/shop_images\/Lucid_Origin_A_stylish_young_man_wearing_a_clean_white_plain_t_0.jpg","icnbr":15,"ft_ttl":"Trackline Collection","ft_ttls":24,"ft_sttl":"Get upto 40% off","ft_sttls":15,"ft_btn":"Shop Now","link":"shopify:\/\/collections\/trackline-collection","btn-style2":"btn1","txtcl":"#ffffff","ft_bg":"#333333","ft_opt":0.2,"cwd":false,"bxwd":"600","mmal":"center","bxsz":true}},"dd_fiq4L4":{"type":"dd","settings":{"title":"Collections","url":"","menu":"collections"}},"dd_VaAPBm":{"type":"dd","settings":{"title":"Capsule","url":"","menu":"capsule"}},"slink_nnVYxz":{"type":"slink","settings":{"title":"Bundles","url":""}},"dd_zjTp6r":{"type":"dd","settings":{"title":"Services","url":"","menu":"account-services"}}},"block_order":["m2_nFnNtR","dd_fiq4L4","dd_VaAPBm","slink_nnVYxz","dd_zjTp6r"],"custom_css":[".fw-sec .mgmenu.mmfull {padding-left: 20px; padding-right: 20px;}"],"settings":{"ht":70,"hdrStyle":"4","logo_text":"<svg width=\"241\" height=\"61\" viewbox=\"0 0 241 61\" fill=\"none\" xmlns=\"http:\/\/www.w3.org\/2000\/svg\">\n<mask id=\"mask0_618_339\" style=\"mask-type:luminance\" maskunits=\"userSpaceOnUse\" x=\"0\" y=\"0\" width=\"241\" height=\"61\">\n<path d=\"M240.376 0H0.375977V60.3962H240.376V0Z\" fill=\"white\"><\/path>\n<\/mask>\n<g mask=\"url(#mask0_618_339)\">\n<path d=\"M41.1119 21.0122C42.4431 20.8721 43.9144 20.3819 45.2456 20.2417C45.8063 20.2417 48.8891 19.9616 48.1184 20.8721C47.768 21.2223 44.0546 22.5531 43.2138 22.9734C40.9017 24.0239 38.6596 25.3548 36.2774 26.1251C25.2772 25.0046 14.207 24.0239 3.13672 23.5337L2.85645 23.2536C2.85645 20.8721 3.13672 18.4907 3.41697 16.1094C3.55709 14.6385 3.41697 12.8175 3.83736 11.3466C4.18768 10.1559 7.48073 5.18301 8.5317 4.62269C13.156 3.01176 17.8503 1.19069 22.6146 0C26.3282 1.68098 31.7933 2.52146 35.2264 4.48261C36.5577 5.25306 39.7105 9.94579 40.201 11.4167C41.182 14.2883 41.1119 17.8604 41.1119 20.8721V21.0122Z\" fill=\"#190306\"><\/path>\n<path d=\"M26.3983 38.6622C26.0481 38.7323 25.978 38.4521 25.7678 38.312C25.2073 37.8218 24.5067 37.1213 24.0163 36.561C23.2456 35.7204 22.6849 34.1795 21.3538 34.2496C19.8123 34.2496 19.1117 36.2108 18.2008 37.1914L16.4492 38.7323C17.3601 37.1914 18.6211 34.0395 20.3728 33.4792C23.6659 32.4285 24.8569 36.701 26.3983 38.6622Z\" fill=\"#190306\"><\/path>\n<path d=\"M152.375 53.2315H154.827C155.668 53.2315 156.088 52.8112 156.088 51.9707V51.0602C156.088 50.2198 155.598 49.7995 154.687 49.7995H152.305C152.235 49.7995 152.164 49.7995 152.164 49.9396V53.1614C152.164 53.2315 152.165 53.3016 152.305 53.3016L152.375 53.2315ZM152.375 49.1691H154.687C155.107 49.1691 155.458 49.0291 155.668 48.8189C155.878 48.6088 156.018 48.2586 156.018 47.9083V47.138C156.018 46.2974 155.598 45.8772 154.757 45.8772H152.375C152.305 45.8772 152.235 45.8772 152.235 46.0172V49.099C152.235 49.1691 152.235 49.2392 152.375 49.2392V49.1691ZM151.534 53.6518V45.3868C151.534 45.2935 151.581 45.2469 151.674 45.2469H154.757C155.317 45.2469 155.808 45.3869 156.158 45.7371C156.508 46.0873 156.649 46.5076 156.649 47.0679V47.9083C156.649 48.7488 156.298 49.2392 155.528 49.4492C155.878 49.4492 156.158 49.5894 156.368 49.8696C156.649 50.1497 156.719 50.4999 156.719 50.9901V51.9007C156.719 52.461 156.579 52.9513 156.228 53.2315C155.878 53.5817 155.458 53.7217 154.827 53.7217H151.604C151.534 53.7217 151.464 53.7217 151.464 53.5817L151.534 53.6518ZM161.343 53.7918H160.432C159.872 53.7918 159.381 53.6518 159.101 53.3016C158.751 52.9513 158.611 52.531 158.611 51.9007V47.138C158.611 47.0445 158.657 46.9978 158.751 46.9978H159.171C159.241 46.9978 159.311 46.9978 159.311 47.138V51.8306C159.311 52.2509 159.451 52.6011 159.661 52.8112C159.872 53.0214 160.152 53.1614 160.572 53.1614H161.413C161.833 53.1614 162.184 53.0214 162.394 52.8112C162.674 52.6011 162.744 52.2509 162.744 51.8306V47.138C162.744 47.0445 162.791 46.9978 162.884 46.9978H163.305C163.375 46.9978 163.445 46.9978 163.445 47.138V53.5817C163.445 53.675 163.398 53.7217 163.305 53.7217H162.884C162.814 53.7217 162.744 53.7217 162.744 53.5817V53.0214C162.534 53.5116 162.044 53.7217 161.343 53.7217V53.7918ZM165.477 45.8772V44.6165C165.477 44.5464 165.477 44.4763 165.617 44.4763H166.037C166.107 44.4763 166.177 44.4763 166.177 44.6165V45.8772C166.177 45.9706 166.131 46.0172 166.037 46.0172H165.617C165.547 46.0172 165.477 46.0172 165.477 45.8772ZM165.477 53.6518V47.2079C165.477 47.1146 165.524 47.0679 165.617 47.0679H166.037C166.107 47.0679 166.177 47.0679 166.177 47.2079V53.6518C166.177 53.7451 166.131 53.7918 166.037 53.7918H165.617C165.547 53.7918 165.477 53.7918 165.477 53.6518ZM168.84 53.7918H168.42C168.349 53.7918 168.279 53.7918 168.279 53.6518V44.6165C168.279 44.523 168.326 44.4763 168.42 44.4763H168.84C168.91 44.4763 168.98 44.4763 168.98 44.6165V53.6518C168.98 53.7451 168.933 53.7918 168.84 53.7918ZM171.292 47.6282H170.451C170.381 47.6282 170.311 47.6282 170.311 47.4882V47.138C170.311 47.0679 170.311 46.9978 170.451 46.9978H171.292C171.362 46.9978 171.432 46.9978 171.432 46.8578V45.8072C171.432 45.7138 171.479 45.667 171.572 45.667H171.993C172.063 45.667 172.133 45.667 172.133 45.8072V46.8578C172.133 46.9277 172.133 46.9978 172.273 46.9978H173.885C173.955 46.9978 174.025 46.9978 174.025 47.138V47.4882C174.025 47.5581 174.025 47.6282 173.885 47.6282H172.273C172.203 47.6282 172.133 47.6282 172.133 47.7684V51.9707C172.133 52.391 172.273 52.6712 172.483 52.8813C172.693 53.0913 173.044 53.2315 173.464 53.2315H173.955C174.025 53.2315 174.095 53.2315 174.095 53.3715V53.6518C174.095 53.7217 174.095 53.7918 173.955 53.7918H173.394C172.834 53.7918 172.343 53.6518 171.993 53.3016C171.643 52.9513 171.432 52.531 171.432 51.9707V47.7684C171.432 47.6983 171.432 47.6282 171.292 47.6282ZM180.61 46.9978H181.802C181.896 46.9978 181.941 47.0445 181.941 47.138V47.4181C181.941 47.488 181.941 47.5581 181.802 47.5581H180.61C180.542 47.5581 180.471 47.5581 180.471 47.6983V53.5817C180.471 53.675 180.424 53.7217 180.33 53.7217H179.909C179.841 53.7217 179.77 53.7217 179.77 53.5817V47.6983C179.77 47.6282 179.77 47.5581 179.629 47.5581H178.79C178.719 47.5581 178.649 47.5581 178.649 47.4181V47.138C178.649 47.0679 178.649 46.9978 178.79 46.9978H179.629C179.7 46.9978 179.77 46.9978 179.77 46.8578V46.2974C179.77 45.0366 180.33 44.4062 181.452 44.4062H181.802C181.896 44.4062 181.941 44.4531 181.941 44.5464V44.8266C181.941 44.8966 181.941 44.9667 181.802 44.9667H181.522C181.101 44.9667 180.822 45.1067 180.681 45.3169C180.542 45.527 180.471 45.8772 180.471 46.2974V46.8578C180.471 46.9277 180.471 46.9978 180.61 46.9978ZM186.076 53.7918H184.954C184.394 53.7918 183.903 53.6518 183.554 53.3016C183.204 52.9513 183.063 52.531 183.063 51.9007V48.8889C183.063 48.3287 183.204 47.8383 183.554 47.4882C183.903 47.138 184.324 46.9978 184.954 46.9978H186.076C186.636 46.9978 187.127 47.138 187.477 47.4882C187.828 47.8383 187.967 48.2586 187.967 48.8889V51.9007C187.967 52.461 187.828 52.9513 187.477 53.3016C187.127 53.6518 186.706 53.7918 186.076 53.7918ZM185.025 53.1614H186.076C186.497 53.1614 186.777 53.0214 186.986 52.8112C187.197 52.6011 187.337 52.2509 187.337 51.8306V48.8189C187.337 48.3987 187.197 48.0485 186.986 47.8383C186.777 47.6282 186.497 47.4882 186.076 47.4882H185.025C184.604 47.4882 184.324 47.6282 184.114 47.8383C183.903 48.0485 183.764 48.3987 183.764 48.8189V51.8306C183.764 52.2509 183.903 52.6011 184.114 52.8112C184.324 53.0214 184.604 53.1614 185.025 53.1614ZM190.349 53.7918H189.93C189.86 53.7918 189.789 53.7918 189.789 53.6518V47.2079C189.789 47.1146 189.835 47.0679 189.93 47.0679H190.349C190.42 47.0679 190.49 47.0679 190.49 47.2079V47.7684C190.561 47.5581 190.77 47.4181 190.98 47.278C191.261 47.138 191.541 47.0679 191.892 47.0679H192.381C192.452 47.0679 192.522 47.0679 192.522 47.2079V47.5581C192.522 47.6282 192.522 47.6983 192.381 47.6983H191.751C191.33 47.6983 190.98 47.8383 190.7 48.1184C190.49 48.3987 190.349 48.7488 190.349 49.1691V53.7217C190.349 53.8152 190.304 53.8619 190.21 53.8619L190.349 53.7918ZM197.847 47.6282H197.005C196.937 47.6282 196.866 47.6282 196.866 47.4882V47.138C196.866 47.0679 196.866 46.9978 197.005 46.9978H197.847C197.917 46.9978 197.986 46.9978 197.986 46.8578V45.8072C197.986 45.7138 198.034 45.667 198.127 45.667H198.548C198.618 45.667 198.687 45.667 198.687 45.8072V46.8578C198.687 46.9277 198.687 46.9978 198.828 46.9978H200.439C200.509 46.9978 200.58 46.9978 200.58 47.138V47.4882C200.58 47.5581 200.58 47.6282 200.439 47.6282H198.828C198.757 47.6282 198.687 47.6282 198.687 47.7684V51.9707C198.687 52.391 198.828 52.6712 199.037 52.8813C199.249 53.0913 199.599 53.2315 200.018 53.2315H200.509C200.58 53.2315 200.65 53.2315 200.65 53.3715V53.6518C200.65 53.7217 200.65 53.7918 200.509 53.7918H199.949C199.388 53.7918 198.898 53.6518 198.548 53.3016C198.197 52.9513 197.986 52.531 197.986 51.9707V47.7684C197.986 47.6983 197.986 47.6282 197.847 47.6282ZM202.68 53.7918H202.261C202.191 53.7918 202.12 53.7918 202.12 53.6518V44.6165C202.12 44.523 202.168 44.4763 202.261 44.4763H202.68C202.751 44.4763 202.821 44.4763 202.821 44.6165V47.6983C203.101 47.2079 203.522 46.9978 204.223 46.9978H205.133C205.693 46.9978 206.114 47.138 206.464 47.4882C206.815 47.8383 206.956 48.2586 206.956 48.8889V53.6518C206.956 53.7451 206.908 53.7918 206.815 53.7918H206.394C206.325 53.7918 206.255 53.7918 206.255 53.6518V48.959C206.255 48.5387 206.114 48.1885 205.904 47.9784C205.693 47.7684 205.413 47.6282 204.994 47.6282H204.152C203.732 47.6282 203.381 47.7684 203.172 47.9784C202.962 48.1885 202.821 48.5387 202.821 48.959V53.6518C202.821 53.7451 202.775 53.7918 202.68 53.7918ZM213.4 53.7918H210.599C210.039 53.7918 209.548 53.6518 209.197 53.3016C208.847 52.9513 208.706 52.531 208.706 51.9007V48.8889C208.706 48.3287 208.847 47.8383 209.197 47.4882C209.548 47.138 209.968 46.9978 210.599 46.9978H211.72C212.28 46.9978 212.77 47.138 213.12 47.4882C213.471 47.8383 213.612 48.2586 213.612 48.8889V50.57C213.612 50.6633 213.564 50.71 213.471 50.71H209.548C209.477 50.71 209.407 50.71 209.407 50.8502V51.9007C209.407 52.321 209.548 52.6712 209.757 52.8813C209.968 53.0913 210.248 53.2315 210.669 53.2315H213.4C213.471 53.2315 213.541 53.2315 213.541 53.3715V53.6518C213.541 53.7217 213.541 53.7918 213.4 53.7918ZM209.548 50.2198H212.84C212.911 50.2198 212.981 50.2198 212.981 50.0796V48.8889C212.981 48.4686 212.84 48.1184 212.631 47.9083C212.419 47.6983 212.14 47.5581 211.72 47.5581H210.669C210.248 47.5581 209.968 47.6983 209.757 47.9083C209.548 48.1184 209.407 48.4686 209.407 48.8889V50.0796C209.407 50.1497 209.407 50.2198 209.548 50.2198ZM219.917 53.2315H222.37C223.21 53.2315 223.631 52.8112 223.631 51.9707V51.0602C223.631 50.2198 223.139 49.7995 222.229 49.7995H219.847C219.776 49.7995 219.708 49.7995 219.708 49.9396V53.1614C219.708 53.2315 219.708 53.3016 219.847 53.3016L219.917 53.2315ZM219.917 49.1691H222.229C222.65 49.1691 223 49.0291 223.21 48.8189C223.421 48.6088 223.56 48.2586 223.56 47.9083V47.138C223.56 46.2974 223.139 45.8772 222.299 45.8772H219.917C219.847 45.8772 219.776 45.8772 219.776 46.0172V49.099C219.776 49.1691 219.776 49.2392 219.917 49.2392V49.1691ZM219.146 53.6518V45.3868C219.146 45.2935 219.193 45.2469 219.287 45.2469H222.37C222.93 45.2469 223.421 45.3869 223.771 45.7371C224.122 46.0873 224.261 46.5076 224.261 47.0679V47.9083C224.261 48.7488 223.911 49.2392 223.139 49.4492C223.49 49.4492 223.771 49.5894 223.981 49.8696C224.261 50.1497 224.331 50.4999 224.331 50.9901V51.9007C224.331 52.461 224.191 52.9513 223.84 53.2315C223.49 53.5817 223.071 53.7217 222.44 53.7217H219.216C219.146 53.7217 219.077 53.7217 219.077 53.5817L219.146 53.6518ZM229.165 53.7918H228.045C227.483 53.7918 226.994 53.6518 226.643 53.3016C226.293 52.9513 226.152 52.531 226.152 51.9007V48.8889C226.152 48.3287 226.293 47.8383 226.643 47.4882C226.994 47.138 227.415 46.9978 228.045 46.9978H229.165C229.727 46.9978 230.216 47.138 230.567 47.4882C230.917 47.8383 231.058 48.2586 231.058 48.8889V51.9007C231.058 52.461 230.917 52.9513 230.567 53.3016C230.216 53.6518 229.797 53.7918 229.165 53.7918ZM228.045 53.1614H229.096C229.515 53.1614 229.797 53.0214 230.007 52.8112C230.216 52.6011 230.357 52.2509 230.357 51.8306V48.8189C230.357 48.3987 230.216 48.0485 230.007 47.8383C229.797 47.6282 229.515 47.4882 229.096 47.4882H228.045C227.624 47.4882 227.344 47.6282 227.135 47.8383C226.923 48.0485 226.784 48.3987 226.784 48.8189V51.8306C226.784 52.2509 226.923 52.6011 227.135 52.8112C227.344 53.0214 227.624 53.1614 228.045 53.1614ZM233.44 53.7918H233.019C232.949 53.7918 232.878 53.7918 232.878 53.6518V44.6165C232.878 44.523 232.926 44.4763 233.019 44.4763H233.44C233.511 44.4763 233.579 44.4763 233.579 44.6165V53.6518C233.579 53.7451 233.533 53.7918 233.44 53.7918ZM238.274 53.7918H237.363C236.803 53.7918 236.312 53.6518 236.032 53.3016C235.682 52.9513 235.541 52.531 235.541 51.9007V48.8889C235.541 48.3287 235.682 47.8383 236.032 47.4882C236.382 47.138 236.803 46.9978 237.363 46.9978H238.274C238.974 46.9978 239.395 47.2079 239.675 47.6983V44.6165C239.675 44.523 239.723 44.4763 239.816 44.4763H240.235C240.306 44.4763 240.376 44.4763 240.376 44.6165V53.6518C240.376 53.7451 240.328 53.7918 240.235 53.7918H239.816C239.746 53.7918 239.675 53.7918 239.675 53.6518V53.0913C239.395 53.5817 238.974 53.7918 238.274 53.7918ZM239.746 51.9007V48.8889C239.746 48.4686 239.605 48.1184 239.395 47.9083C239.186 47.6983 238.835 47.5581 238.414 47.5581H237.504C237.083 47.5581 236.803 47.6983 236.592 47.9083C236.382 48.1184 236.242 48.4686 236.242 48.8889V51.8306C236.242 52.2509 236.382 52.6011 236.592 52.8112C236.803 53.0214 237.083 53.1614 237.504 53.1614H238.414C238.835 53.1614 239.186 53.0214 239.395 52.8112C239.675 52.6011 239.746 52.2509 239.746 51.8306V51.9007Z\" fill=\"#190306\"><\/path>\n<path d=\"M81.819 11.8018V16.4244H68.5767V40.1683H64.0225V16.4244H50.7803V11.8018H81.819Z\" fill=\"#190306\"><\/path>\n<path d=\"M101.017 16.4248C103.82 16.4248 107.323 18.7361 107.323 23.569V30.573H86.1636V33.1646C86.1636 34.2151 86.5841 35.6861 88.5458 35.6861H100.457C102.349 35.6861 102.769 34.2151 102.769 33.1646H107.323C107.323 37.9974 103.82 40.3088 101.017 40.3088H87.9853C85.1826 40.3088 81.6094 37.9974 81.6094 33.1646V23.569C81.6094 18.7361 85.1125 16.4248 87.9853 16.4248H101.017ZM88.5458 21.0475C86.654 21.0475 86.1636 22.5183 86.1636 23.569V25.9504H102.769V23.569C102.769 22.5183 102.349 21.0475 100.457 21.0475H88.5458Z\" fill=\"#190306\"><\/path>\n<path d=\"M129.323 16.4248C132.126 16.4248 135.629 18.7361 135.629 23.569V30.573H114.469V33.1646C114.469 34.2151 114.89 35.6861 116.851 35.6861H128.763C130.654 35.6861 131.075 34.2151 131.075 33.1646H135.629C135.629 37.9974 132.126 40.3088 129.323 40.3088H116.291C113.488 40.3088 109.915 37.9974 109.915 33.1646V23.569C109.915 18.7361 113.418 16.4248 116.291 16.4248H129.323ZM116.851 21.0475C114.96 21.0475 114.469 22.5183 114.469 23.569V25.9504H131.075V23.569C131.075 22.5183 130.654 21.0475 128.763 21.0475H116.851Z\" fill=\"#190306\"><\/path>\n<path d=\"M164.566 16.4248L161.343 22.7985L158.82 27.8415L152.655 40.1686H147.82L145.088 34.7754L142.565 29.7326L135.909 16.4248H141.374L141.395 16.4668V16.4248H149.404V21.0475H143.686L144.947 23.569L147.47 28.6118L150.272 34.2852L159.101 16.6349L159.241 16.4248H164.566Z\" fill=\"#FDCA40\"><\/path>\n<path d=\"M184.324 16.4248C187.127 16.4248 190.629 18.7361 190.629 23.569V33.1646C190.629 37.9974 187.127 40.3088 184.324 40.3088H171.292C168.489 40.3088 164.916 37.9974 164.916 33.1646V23.569C164.916 18.8062 168.419 16.4248 171.292 16.4248H184.324ZM171.852 21.0475C169.961 21.0475 169.47 22.5183 169.47 23.569V33.1646C169.47 34.2151 169.891 35.6861 171.852 35.6861H183.764C185.655 35.6861 186.076 34.2151 186.076 33.1646V23.569C186.076 22.5183 185.655 21.0475 183.764 21.0475H171.852Z\" fill=\"#190306\"><\/path>\n<path d=\"M206.745 16.4248C208.217 16.4248 209.758 16.9151 211.02 18.2459C211.93 19.1564 212.561 20.5571 212.911 22.1681C212.982 22.6585 213.052 23.1487 213.052 23.709H208.497C208.497 22.3784 208.217 22.098 207.866 21.748C207.516 21.3277 206.886 21.1176 206.185 21.1176H200.58C199.879 21.1176 199.318 21.3978 198.899 21.748C198.478 22.098 198.268 22.4483 198.268 24.1293V40.2387H193.713V16.4948H198.268V18.1057C199.458 16.9151 200.93 16.4948 202.332 16.4948H206.815L206.745 16.4248Z\" fill=\"#190306\"><\/path>\n<path d=\"M234.07 16.4248C236.871 16.4248 240.375 18.7361 240.375 23.569V30.573H219.216V33.1646C219.216 34.2151 219.636 35.6861 221.598 35.6861H233.508C235.401 35.6861 235.822 34.2151 235.822 33.1646H240.375C240.375 37.9974 236.871 40.3088 234.07 40.3088H221.038C218.235 40.3088 214.662 37.9974 214.662 33.1646V23.569C214.662 18.7361 218.164 16.4248 221.038 16.4248H234.07ZM221.598 21.0475C219.707 21.0475 219.216 22.5183 219.216 23.569V25.9504H235.822V23.569C235.822 22.5183 235.401 21.0475 233.508 21.0475H221.598Z\" fill=\"#190306\"><\/path>\n<path d=\"M42.0922 27.8063C41.3215 25.9152 39.8502 28.1565 38.7291 28.1565C39.3596 28.7869 39.6399 29.6974 39.6399 30.6079C39.5699 31.5885 38.3788 36.8416 37.8883 37.5419C36.2768 39.9933 30.6717 40.1334 28.0092 40.6937C27.3786 42.0946 26.7481 42.5849 25.1366 42.3748C25.4868 42.1645 27.1684 40.8339 26.1175 40.5537L26.0474 40.4136H16.5116L16.4415 40.5537C15.3905 40.8339 17.0721 42.1645 17.4224 42.3748C15.8109 42.5849 15.1803 42.0946 14.5498 40.6937C11.8873 40.1334 6.2821 39.9933 4.67061 37.5419C4.19417 36.8625 3.07312 31.9456 2.92599 30.7269C2.92599 30.678 2.92599 30.643 2.92599 30.6079C2.92599 29.7534 3.17122 28.8989 3.73174 28.2755C4.15913 28.0443 4.76871 27.9044 5.59546 27.8063C6.78657 27.6661 8.53818 27.5962 9.79936 27.5962C17.5766 27.3159 25.4938 27.9463 33.201 27.5962C33.4112 27.5261 33.8315 27.7362 33.8315 27.386L3.49352 24.4443L3.70371 28.0864C3.59862 28.0935 3.50053 28.0864 3.40944 28.0655C3.40243 28.0655 3.38842 28.0655 3.37442 28.0514C2.33745 27.6381 1.13934 26.1673 0.473726 27.8063C0.417674 27.9533 0.396655 28.1984 0.389648 28.4926C0.389648 28.6467 0.389648 28.8219 0.389648 29.004C0.389648 29.088 0.389648 29.172 0.389648 29.2632C0.410668 29.9985 0.473726 30.79 0.473726 31.1682C0.753985 33.1294 2.08522 37.3318 3.41645 38.7327C4.04703 39.3629 5.23814 40.0634 6.14898 40.1334C6.7095 42.6549 5.86871 45.8068 6.77956 48.2582C7.34007 49.729 11.7542 55.2622 13.0153 56.7331C14.9771 59.0445 15.958 60.095 19.1809 60.3052C19.8256 60.3542 20.5403 60.3892 21.283 60.3963C22.0257 60.3892 22.7473 60.3542 23.3919 60.3052C26.615 60.095 27.5957 59.0445 29.5576 56.7331C30.8187 55.2622 35.2329 49.729 35.7934 48.2582C36.7043 45.8068 35.8635 42.6549 36.424 40.1334C37.3348 40.0634 38.5259 39.3629 39.1566 38.7327C40.4878 37.3318 41.8189 33.1294 42.0993 31.1682C42.0993 30.4678 42.3093 28.3666 42.0993 27.8063H42.0922ZM21.276 49.582C18.9989 49.547 16.6026 49.0006 15.6708 46.8573C15.6708 46.5772 18.5435 45.6666 19.0339 45.6666C19.9448 45.6666 20.5053 46.0169 21.276 46.0869H21.283C22.0537 46.0169 22.6142 45.6666 23.5251 45.6666C24.0155 45.6666 26.8882 46.5772 26.8882 46.8573C25.9562 49.0006 23.5531 49.547 21.276 49.582Z\" fill=\"#190306\"><\/path>\n<\/g>\n<\/svg>","logowd":240,"icntyp":"1","icon":23,"fs":13,"cl":"#222222","clh":"#fdca40","gap":30,"sticky_type":"top","sticky_shadow":false,"enable_switch":false,"trhead":false,"trheadcl":false,"trheadbg":false,"trheadar":false,"trLogo":"shopify:\/\/shop_images\/Logo_png.png","thcl":"#222222","logowdm":180,"cntlogo":false,"htm":90,"spnav":false,"mbmenu":"","catnav":false,"catmenu":"","sicnm":true,"icnm":30,"icnrad":30,"help":"","sw":true,"bg":"#ffffff","bgg":"","bgrepeat":"no-repeat","bgposition":"center_center","bgsize":"auto","hdrbd":false,"hdrbd_cl":"#f1f1f1","target_collection":"women","switch_label":"Toggle Collection View"}}},"order":["promotion_bar_w3fybd","mobile_social_bar_mVmVUr","header_menu_inline_BfEpq8"]}