{"type":"custom.overlay","name":"Overlay Group","sections":{"cart-drawer":{"type":"cart-drawer","settings":{}},"mobile-toolbar":{"type":"mobile-toolbar","blocks":{"home":{"type":"home","disabled":true,"settings":{"title":"Home"}},"wish_3zmTKz":{"type":"wish","settings":{"title":"Wishlist"}},"cart":{"type":"cart","settings":{"title":"Cart"}},"menu":{"type":"menu","disabled":true,"settings":{"title":"Menu"}},"src":{"type":"src","settings":{"title":"Search"}},"act":{"type":"act","settings":{"title":"Account"}},"filter_TWzMWP":{"type":"filter","disabled":true,"settings":{"title":"Filter"}},"custom_eNk4BX":{"type":"custom","settings":{"title":"What app","icn":"<svg xmlns=\"https:\/\/www.w3.org\/2000\/svg\" shape-rendering=\"geometricPrecision\" text-rendering=\"geometricPrecision\" image-rendering=\"optimizeQuality\" fill-rule=\"evenodd\" clip-rule=\"evenodd\" viewbox=\"0 0 510 512.459\"><path fill=\"#111B21\" d=\"M435.689 74.468C387.754 26.471 324 .025 256.071 0 116.098 0 2.18 113.906 2.131 253.916c-.024 44.758 11.677 88.445 33.898 126.946L0 512.459l134.617-35.311c37.087 20.238 78.85 30.891 121.345 30.903h.109c139.949 0 253.88-113.917 253.928-253.928.024-67.855-26.361-131.645-74.31-179.643v-.012zm-179.618 390.7h-.085c-37.868-.011-75.016-10.192-107.428-29.417l-7.707-4.577-79.886 20.953 21.32-77.889-5.017-7.987c-21.125-33.605-32.29-72.447-32.266-112.322.049-116.366 94.729-211.046 211.155-211.046 56.373.025 109.364 22.003 149.214 61.903 39.853 39.888 61.781 92.927 61.757 149.313-.05 116.377-94.728 211.058-211.057 211.058v.011zm115.768-158.067c-6.344-3.178-37.537-18.52-43.358-20.639-5.82-2.119-10.044-3.177-14.27 3.178-4.225 6.357-16.388 20.651-20.09 24.875-3.702 4.238-7.403 4.762-13.747 1.583-6.343-3.178-26.787-9.874-51.029-31.487-18.86-16.827-31.597-37.598-35.297-43.955-3.702-6.355-.39-9.789 2.775-12.943 2.849-2.848 6.344-7.414 9.522-11.116s4.225-6.355 6.343-10.581c2.12-4.238 1.06-7.937-.522-11.117-1.584-3.177-14.271-34.409-19.568-47.108-5.151-12.37-10.385-10.69-14.269-10.897-3.703-.183-7.927-.219-12.164-.219s-11.105 1.582-16.925 7.939c-5.82 6.354-22.209 21.709-22.209 52.927 0 31.22 22.733 61.405 25.911 65.642 3.177 4.237 44.745 68.318 108.389 95.812 15.135 6.538 26.957 10.446 36.175 13.368 15.196 4.834 29.027 4.153 39.96 2.52 12.19-1.825 37.54-15.353 42.824-30.172 5.283-14.818 5.283-27.529 3.701-30.172-1.582-2.641-5.819-4.237-12.163-7.414l.011-.024z\"><\/path><\/svg>","url":"shopify:\/\/collections\/long-sleeve-streetwear"}}},"block_order":["home","wish_3zmTKz","cart","menu","src","act","filter_TWzMWP","custom_eNk4BX"],"settings":{"hdtxt":true,"fsicon":17,"height":10,"fs":11,"fw":"600","cl":"#fdca40","bg":"#190306","bgg":""}},"newsletter_popup_JtX9D7":{"type":"newsletter-popup","blocks":{"text_fFr8XB":{"type":"text","disabled":true,"settings":{"title":"<p>First Timer<\/p>","hidem":true,"cl":"#5d5d5d","addbg":false,"bg":"#ffffff","fs":14,"fsm":14,"lh":1,"mb":0,"mbm":2}},"heading_jPAYTp":{"type":"heading","settings":{"title":"<em>Sign up and get 20% off your first order<\/em>","htag":"p","cl":"#222222","fs":30,"fsm":21,"ff":"ft2","fw":"400","lh":1.2,"mb":20,"mbm":20}},"form_ikpKWp":{"type":"form","settings":{"cl":"#222222","bg":"#f5f5f5","bdr":"#eeeeee","btncl":"#f5f5f5","btnbg":"#444444","btnclh":"#ffffff","btnbgh":"#000000","c_msg":"No,Thanks! Don't show this again.","ccl":"#555555","mb":20,"mbm":20}},"text_4AC6Cc":{"type":"text","settings":{"title":"<p>Subscribe to our newsletter and be the first to hear about our new arrivals, special promotions and online exclusives.<\/p>","hidem":true,"cl":"#5d5d5d","addbg":false,"bg":"#ffffff","fs":14,"fsm":12,"lh":1.5,"mb":20,"mbm":20}},"social_yGLdj9":{"type":"social","disabled":true,"settings":{"cl":"#000000","icn":16,"mb":20,"mbm":20}}},"block_order":["text_fFr8XB","heading_jPAYTp","form_ikpKWp","text_4AC6Cc","social_yGLdj9"],"disabled":true,"custom_css":[],"name":"Newsletter Popup","settings":{"seconds":1,"image":"shopify:\/\/shop_images\/Collection_banner_001.jpg","style":"st2","talign":"tl","bg":"#ffffff","bgg":"","brad":10,"index":true,"product":false,"collection":false,"article":false,"blog":false,"cart":false,"page":false}},"someone_purchased_f78FmY":{"type":"someone-purchased","disabled":true,"settings":{"hide_mb":true,"products":["zero-days-without-sarcasm","aquarius-zodiac-tshirt","black-panther-wakanda-tee","captain-america-modern-tee-new","ew-peoples","everyone-was-thinking-it","how-about-no"],"msg":"Someone liked and purchased","fake_time":true,"time_msg":"Minutes Ago","location_msg":"From","location":"Singapore | New York | Dubai | Paris | London | Amsterdam | Sydney","delay":1,"display":100,"cl":"#333333","bg":"#ffffff","bd":"#eeeeee","index":true,"product":true,"collection":false,"article":false,"blog":false,"cart":false,"page":false}}},"order":["cart-drawer","mobile-toolbar","newsletter_popup_JtX9D7","someone_purchased_f78FmY"]}